transaction_date,merchant,acquirer,transaction_count,transaction_value,mdr_percentage,acquirer_cost_percentage,gross_revenue,acquirer_cost,net_margin
2024-02-21,Merchant_22,Acquirer_B,348,458400.98,0.58,1.23,2658.73,5638.33,-2979.6
2024-01-15,Merchant_29,Acquirer_D,285,216061.63,1.15,1.22,2484.71,2635.95,-151.24
2024-03-12,Merchant_8,Acquirer_D,269,160114.54,0.58,1.78,928.66,2850.04,-1921.38
2024-03-01,Merchant_11,Acquirer_D,466,291517.17,2.7,1.2,7870.96,3498.21,4372.75
2024-01-21,Merchant_41,Acquirer_B,258,186215.04,1.11,1.93,2066.99,3593.95,-1526.96
2024-03-23,Merchant_37,Acquirer_C,29,300936.01,1.89,0.29,5687.69,872.71,4814.98
2024-03-27,Merchant_14,Acquirer_B,213,353087.35,0.6,0.38,2118.52,1341.73,776.79
2024-03-15,Merchant_30,Acquirer_D,463,344514.1,2.17,0.28,7475.96,964.64,6511.32
2024-03-15,Merchant_35,Acquirer_B,436,187901.89,1.31,0.53,2461.51,995.88,1465.63
2024-03-28,Merchant_21,Acquirer_B,283,84263.24,2.74,1.17,2308.81,985.88,1322.93
2024-01-24,Merchant_37,Acquirer_B,50,215834.14,2.72,1.36,5870.69,2935.34,2935.35
2024-01-03,Merchant_5,Acquirer_C,95,72154.48,1.31,0.28,945.22,202.03,743.19
2024-01-22,Merchant_19,Acquirer_A,463,445158.42,2.75,1.9,12241.86,8458.01,3783.85
2024-02-22,Merchant_14,Acquirer_A,499,173592.85,2.99,1.72,5190.43,2985.8,2204.63
2024-01-02,Merchant_26,Acquirer_B,407,78075.41,2.56,0.73,1998.73,569.95,1428.78
2024-03-28,Merchant_4,Acquirer_A,88,13698.43,2.61,0.34,357.53,46.57,310.96
2024-01-30,Merchant_25,Acquirer_A,44,323265.37,1.12,0.51,3620.57,1648.65,1971.92
2024-02-07,Merchant_45,Acquirer_B,461,318814.26,1.94,0.43,6185.0,1370.9,4814.1
2024-01-02,Merchant_42,Acquirer_B,278,170961.48,0.67,0.42,1145.44,718.04,427.4
2024-03-04,Merchant_25,Acquirer_D,171,36784.23,0.74,1.13,272.2,415.66,-143.46
2024-02-29,Merchant_18,Acquirer_A,421,205404.82,3.0,0.64,6162.14,1314.59,4847.55
2024-01-21,Merchant_40,Acquirer_C,189,156297.53,1.32,0.84,2063.13,1312.9,750.23
2024-02-02,Merchant_8,Acquirer_B,353,338883.2,2.37,1.98,8031.53,6709.89,1321.64
2024-03-16,Merchant_39,Acquirer_D,184,303283.85,2.52,1.43,7642.75,4336.96,3305.79
2024-02-27,Merchant_40,Acquirer_C,3,182932.27,2.65,1.91,4847.71,3494.01,1353.7
2024-01-22,Merchant_14,Acquirer_A,191,109728.38,2.99,0.46,3280.88,504.75,2776.13
2024-03-29,Merchant_32,Acquirer_D,118,494029.95,1.1,0.89,5434.33,4396.87,1037.46
2024-02-18,Merchant_38,Acquirer_B,19,227546.81,0.6,1.2,1365.28,2730.56,-1365.28
2024-03-31,Merchant_33,Acquirer_C,23,344448.84,1.53,0.34,5270.07,1171.13,4098.94
2024-02-28,Merchant_23,Acquirer_B,413,71135.93,0.83,0.21,590.43,149.39,441.04
2024-02-11,Merchant_15,Acquirer_A,30,243309.26,0.56,1.41,1362.53,3430.66,-2068.13
2024-02-29,Merchant_33,Acquirer_C,295,14740.82,1.4,1.36,206.37,200.48,5.89
2024-03-20,Merchant_25,Acquirer_A,108,253222.1,2.46,0.94,6229.26,2380.29,3848.97
2024-01-15,Merchant_17,Acquirer_A,367,482044.69,1.92,1.08,9255.26,5206.08,4049.18
2024-03-02,Merchant_33,Acquirer_D,281,192719.15,1.28,0.95,2466.81,1830.83,635.98
2024-03-02,Merchant_47,Acquirer_B,128,20459.01,2.14,0.24,437.82,49.1,388.72
2024-02-16,Merchant_2,Acquirer_C,229,16446.94,1.08,0.8,177.63,131.58,46.05
2024-03-02,Merchant_14,Acquirer_A,111,194605.39,0.54,0.52,1050.87,1011.95,38.92
2024-02-20,Merchant_40,Acquirer_A,136,80852.44,2.41,0.38,1948.54,307.24,1641.3
2024-02-24,Merchant_40,Acquirer_C,362,12652.7,2.06,1.92,260.65,242.93,17.72
2024-03-04,Merchant_39,Acquirer_A,186,378350.59,2.41,1.28,9118.25,4842.89,4275.36
2024-01-03,Merchant_6,Acquirer_D,144,229802.98,0.6,1.51,1378.82,3470.02,-2091.2
2024-02-20,Merchant_6,Acquirer_D,72,145333.14,2.59,0.77,3764.13,1119.07,2645.06
2024-01-07,Merchant_3,Acquirer_D,129,450141.51,2.05,0.91,9227.9,4096.29,5131.61
2024-01-21,Merchant_7,Acquirer_D,364,58953.34,1.91,0.63,1126.01,371.41,754.6
2024-03-13,Merchant_8,Acquirer_A,261,478003.5,2.06,0.37,9846.87,1768.61,8078.26
2024-02-08,Merchant_42,Acquirer_C,3,157669.39,2.66,0.52,4194.01,819.88,3374.13
2024-01-18,Merchant_15,Acquirer_C,449,444313.43,1.97,1.64,8752.97,7286.74,1466.23
2024-01-04,Merchant_47,Acquirer_C,388,301868.5,1.95,1.42,5886.44,4286.53,1599.91
2024-03-29,Merchant_29,Acquirer_C,104,413526.97,2.98,1.18,12323.1,4879.62,7443.48
2024-02-29,Merchant_33,Acquirer_B,483,492022.57,2.39,1.06,11759.34,5215.44,6543.9
2024-01-14,Merchant_30,Acquirer_C,224,144914.31,1.61,1.86,2333.12,2695.41,-362.29
2024-01-09,Merchant_39,Acquirer_B,320,480606.61,2.27,0.33,10909.77,1586.0,9323.77
2024-03-30,Merchant_27,Acquirer_B,362,195351.47,1.47,0.71,2871.67,1387.0,1484.67
2024-02-22,Merchant_36,Acquirer_D,354,193370.44,1.07,0.83,2069.06,1604.97,464.09
2024-01-02,Merchant_29,Acquirer_B,491,170853.17,1.99,1.61,3399.98,2750.74,649.24
2024-03-24,Merchant_38,Acquirer_A,473,271162.4,2.82,1.99,7646.78,5396.13,2250.65
2024-02-29,Merchant_33,Acquirer_B,10,77918.38,2.82,0.63,2197.3,490.89,1706.41
2024-03-11,Merchant_37,Acquirer_D,405,277302.03,1.35,1.77,3743.58,4908.25,-1164.67
2024-02-13,Merchant_27,Acquirer_B,384,271310.7,1.82,1.7,4937.85,4612.28,325.57
2024-01-08,Merchant_33,Acquirer_A,302,381189.0,1.03,0.6,3926.25,2287.13,1639.12
2024-02-16,Merchant_4,Acquirer_A,231,416991.33,2.99,0.92,12468.04,3836.32,8631.72
2024-02-04,Merchant_22,Acquirer_A,219,220780.23,2.95,0.94,6513.02,2075.33,4437.69
2024-03-18,Merchant_2,Acquirer_D,411,151864.29,2.12,1.96,3219.52,2976.54,242.98
2024-03-21,Merchant_10,Acquirer_D,66,130408.11,2.51,0.53,3273.24,691.16,2582.08
2024-02-05,Merchant_5,Acquirer_C,425,98117.29,2.29,1.64,2246.89,1609.12,637.77
2024-02-19,Merchant_10,Acquirer_D,112,29766.14,1.98,0.8,589.37,238.13,351.24
2024-01-04,Merchant_33,Acquirer_A,13,171881.54,0.63,1.52,1082.85,2612.6,-1529.75
2024-01-02,Merchant_38,Acquirer_A,393,135853.6,1.64,0.96,2228.0,1304.19,923.81
2024-01-06,Merchant_13,Acquirer_D,420,483242.28,2.19,1.24,10583.01,5992.2,4590.81
2024-02-23,Merchant_31,Acquirer_B,86,279296.7,2.19,1.7,6116.6,4748.04,1368.56
2024-01-04,Merchant_47,Acquirer_D,234,174291.24,1.43,1.65,2492.36,2875.81,-383.45
2024-02-23,Merchant_36,Acquirer_D,90,290653.33,2.85,1.76,8283.62,5115.5,3168.12
2024-03-03,Merchant_45,Acquirer_A,314,70459.15,0.92,0.31,648.22,218.42,429.8
2024-01-18,Merchant_24,Acquirer_C,54,222577.83,1.75,1.45,3895.11,3227.38,667.73
2024-03-30,Merchant_15,Acquirer_A,12,313490.93,2.23,0.45,6990.85,1410.71,5580.14
2024-02-13,Merchant_29,Acquirer_C,209,244960.02,2.24,0.95,5487.1,2327.12,3159.98
2024-02-03,Merchant_8,Acquirer_A,462,201487.62,2.12,1.19,4271.54,2397.7,1873.84
2024-03-14,Merchant_5,Acquirer_D,14,496930.35,1.19,0.92,5913.47,4571.76,1341.71
2024-03-02,Merchant_29,Acquirer_A,121,440277.07,0.89,1.14,3918.47,5019.16,-1100.69
2024-01-14,Merchant_47,Acquirer_A,418,312079.57,2.09,1.99,6522.46,6210.38,312.08
2024-02-17,Merchant_4,Acquirer_A,437,285119.3,2.0,0.44,5702.39,1254.52,4447.87
2024-01-15,Merchant_12,Acquirer_D,377,310709.58,0.95,1.42,2951.74,4412.08,-1460.34
2024-03-12,Merchant_45,Acquirer_D,20,101454.74,2.26,0.91,2292.88,923.24,1369.64
2024-03-18,Merchant_2,Acquirer_D,75,198173.73,1.64,0.44,3250.05,871.96,2378.09
2024-03-27,Merchant_27,Acquirer_D,400,20690.31,2.17,0.49,448.98,101.38,347.6
2024-03-02,Merchant_31,Acquirer_C,243,238297.47,2.59,1.91,6171.9,4551.48,1620.42
2024-02-09,Merchant_36,Acquirer_C,223,271969.27,0.92,1.78,2502.12,4841.05,-2338.93
2024-03-25,Merchant_36,Acquirer_B,70,114647.12,0.55,1.83,630.56,2098.04,-1467.48
2024-03-20,Merchant_26,Acquirer_D,312,482050.39,2.45,1.98,11810.23,9544.6,2265.63
2024-03-22,Merchant_43,Acquirer_C,211,454817.85,2.02,0.57,9187.32,2592.46,6594.86
2024-02-22,Merchant_27,Acquirer_A,101,361349.47,2.25,0.84,8130.36,3035.34,5095.02
2024-01-24,Merchant_5,Acquirer_D,186,267159.93,2.6,1.4,6946.16,3740.24,3205.92
2024-01-26,Merchant_20,Acquirer_B,132,435114.61,2.51,1.07,10921.38,4655.73,6265.65
2024-03-29,Merchant_11,Acquirer_B,111,66195.52,2.9,0.95,1919.67,628.86,1290.81
2024-02-29,Merchant_10,Acquirer_B,381,395464.39,1.84,0.84,7276.54,3321.9,3954.64
2024-02-10,Merchant_40,Acquirer_A,132,63285.59,1.72,1.27,1088.51,803.73,284.78
2024-01-29,Merchant_38,Acquirer_C,20,397311.12,1.5,1.24,5959.67,4926.66,1033.01
2024-01-15,Merchant_6,Acquirer_A,394,138608.02,0.88,0.49,1219.75,679.18,540.57
2024-02-14,Merchant_8,Acquirer_D,24,438668.2,1.93,1.05,8466.3,4606.02,3860.28
2024-03-05,Merchant_23,Acquirer_B,227,472077.0,1.19,1.2,5617.72,5664.92,-47.2
2024-03-29,Merchant_47,Acquirer_A,154,75249.19,2.8,1.23,2106.98,925.57,1181.41
2024-03-11,Merchant_26,Acquirer_A,293,231875.13,1.96,0.58,4544.75,1344.88,3199.87
2024-01-09,Merchant_46,Acquirer_C,230,490512.7,1.98,1.54,9712.15,7553.9,2158.25
2024-03-28,Merchant_43,Acquirer_C,469,242220.31,1.39,0.25,3366.86,605.55,2761.31
2024-01-01,Merchant_12,Acquirer_B,310,431910.21,0.63,0.84,2721.03,3628.05,-907.02
2024-01-08,Merchant_26,Acquirer_A,488,294777.03,0.58,1.6,1709.71,4716.43,-3006.72
2024-03-28,Merchant_13,Acquirer_A,359,188289.62,1.56,1.22,2937.32,2297.13,640.19
2024-03-03,Merchant_40,Acquirer_C,405,143605.99,0.71,0.67,1019.6,962.16,57.44
2024-01-11,Merchant_18,Acquirer_A,202,102408.32,2.02,1.45,2068.65,1484.92,583.73
2024-03-21,Merchant_25,Acquirer_A,38,381137.3,2.7,1.22,10290.71,4649.88,5640.83
2024-01-08,Merchant_33,Acquirer_A,430,193883.71,2.71,1.63,5254.25,3160.3,2093.95
2024-02-04,Merchant_47,Acquirer_C,260,256126.46,2.15,1.52,5506.72,3893.12,1613.6
2024-02-04,Merchant_40,Acquirer_B,188,246670.41,1.03,1.3,2540.71,3206.72,-666.01
2024-02-02,Merchant_43,Acquirer_D,57,289062.24,2.66,1.08,7689.06,3121.87,4567.19
2024-01-05,Merchant_12,Acquirer_B,429,432923.0,2.72,0.44,11775.51,1904.86,9870.65
2024-02-10,Merchant_44,Acquirer_D,20,490388.93,0.99,0.67,4854.85,3285.61,1569.24
2024-01-28,Merchant_36,Acquirer_A,273,204384.52,2.34,0.95,4782.6,1941.65,2840.95
2024-01-07,Merchant_48,Acquirer_B,119,413931.94,1.22,1.28,5049.97,5298.33,-248.36
2024-03-13,Merchant_4,Acquirer_D,71,382499.37,2.51,1.12,9600.73,4283.99,5316.74
2024-03-12,Merchant_5,Acquirer_C,4,287190.95,2.99,0.72,8587.01,2067.77,6519.24
2024-01-12,Merchant_37,Acquirer_C,221,478067.52,0.58,0.21,2772.79,1003.94,1768.85
2024-02-03,Merchant_8,Acquirer_B,14,101036.78,2.74,1.09,2768.41,1101.3,1667.11
2024-02-02,Merchant_42,Acquirer_B,3,55522.84,2.06,0.71,1143.77,394.21,749.56
2024-02-17,Merchant_49,Acquirer_A,216,427127.02,2.93,1.52,12514.82,6492.33,6022.49
2024-01-23,Merchant_28,Acquirer_B,229,220135.76,1.66,0.24,3654.25,528.33,3125.92
2024-03-02,Merchant_31,Acquirer_A,336,423637.46,2.62,1.25,11099.3,5295.47,5803.83
2024-03-28,Merchant_9,Acquirer_A,186,446652.01,0.66,1.89,2947.9,8441.72,-5493.82
2024-02-06,Merchant_29,Acquirer_C,55,32166.34,1.34,0.51,431.03,164.05,266.98
2024-02-13,Merchant_14,Acquirer_C,388,441848.92,0.67,1.05,2960.39,4639.41,-1679.02
2024-03-26,Merchant_40,Acquirer_D,376,224711.21,2.94,0.36,6606.51,808.96,5797.55
2024-03-31,Merchant_41,Acquirer_C,254,255705.81,2.54,1.33,6494.93,3400.89,3094.04
2024-02-04,Merchant_22,Acquirer_C,24,313669.66,2.63,1.19,8249.51,3732.67,4516.84
2024-03-05,Merchant_11,Acquirer_B,162,463264.92,2.84,0.93,13156.72,4308.36,8848.36
2024-02-16,Merchant_23,Acquirer_C,158,10538.93,0.71,1.14,74.83,120.14,-45.31
2024-03-18,Merchant_1,Acquirer_D,82,238944.89,1.46,1.81,3488.6,4324.9,-836.3
2024-01-03,Merchant_46,Acquirer_B,403,344173.3,0.68,0.55,2340.38,1892.95,447.43
2024-01-01,Merchant_37,Acquirer_D,159,361630.77,1.03,0.24,3724.8,867.91,2856.89
2024-01-05,Merchant_21,Acquirer_C,188,346573.68,1.07,1.75,3708.34,6065.04,-2356.7
2024-03-30,Merchant_26,Acquirer_D,60,68083.13,1.67,1.24,1136.99,844.23,292.76
2024-01-14,Merchant_46,Acquirer_B,403,150398.4,1.17,1.8,1759.66,2707.17,-947.51
2024-01-27,Merchant_36,Acquirer_A,305,179999.05,0.75,1.27,1349.99,2285.99,-936.0
2024-01-09,Merchant_23,Acquirer_D,319,402414.17,0.92,1.66,3702.21,6680.08,-2977.87
2024-03-19,Merchant_1,Acquirer_D,366,140101.18,0.87,0.97,1218.88,1358.98,-140.1
2024-01-15,Merchant_40,Acquirer_B,211,106141.78,2.93,1.55,3109.95,1645.2,1464.75
2024-03-30,Merchant_15,Acquirer_B,406,478766.56,2.4,1.84,11490.4,8809.3,2681.1
2024-02-11,Merchant_21,Acquirer_D,152,5422.78,2.92,1.23,158.35,66.7,91.65
2024-03-17,Merchant_47,Acquirer_C,109,498912.61,1.6,0.53,7982.6,2644.24,5338.36
2024-02-20,Merchant_9,Acquirer_D,76,338733.83,1.2,0.68,4064.81,2303.39,1761.42
2024-03-03,Merchant_9,Acquirer_B,30,414406.18,2.5,0.56,10360.15,2320.67,8039.48
2024-02-21,Merchant_10,Acquirer_A,314,148015.08,1.32,0.64,1953.8,947.3,1006.5
2024-01-04,Merchant_26,Acquirer_A,486,8143.32,1.25,0.75,101.79,61.07,40.72
2024-01-23,Merchant_41,Acquirer_C,117,369196.89,1.08,1.2,3987.33,4430.36,-443.03
2024-01-15,Merchant_35,Acquirer_D,415,417238.15,0.82,1.26,3421.35,5257.2,-1835.85
2024-02-12,Merchant_25,Acquirer_A,356,370497.59,1.14,0.97,4223.67,3593.83,629.84
2024-01-29,Merchant_26,Acquirer_D,192,72282.29,1.39,1.31,1004.72,946.9,57.82
2024-02-05,Merchant_11,Acquirer_B,19,376960.53,2.18,0.35,8217.74,1319.36,6898.38
2024-01-13,Merchant_38,Acquirer_A,432,384692.47,0.66,0.36,2538.97,1384.89,1154.08
2024-02-01,Merchant_2,Acquirer_C,173,329611.72,1.03,0.51,3395.0,1681.02,1713.98
2024-03-11,Merchant_7,Acquirer_B,228,383291.85,2.52,1.13,9658.95,4331.2,5327.75
2024-02-28,Merchant_18,Acquirer_C,350,423114.8,0.87,0.59,3681.1,2496.38,1184.72
2024-03-26,Merchant_27,Acquirer_B,183,307188.45,1.36,0.71,4177.76,2181.04,1996.72
2024-01-28,Merchant_34,Acquirer_A,113,45213.75,2.66,0.92,1202.69,415.97,786.72
2024-03-06,Merchant_27,Acquirer_C,183,244326.28,0.89,1.66,2174.5,4055.82,-1881.32
2024-02-11,Merchant_17,Acquirer_C,481,39747.02,0.71,0.22,282.2,87.44,194.76
2024-02-14,Merchant_43,Acquirer_B,146,204363.97,1.71,1.37,3494.62,2799.79,694.83
2024-03-02,Merchant_44,Acquirer_C,319,204146.14,1.26,1.4,2572.24,2858.05,-285.81
2024-02-26,Merchant_24,Acquirer_B,116,33938.91,1.91,1.64,648.23,556.6,91.63
2024-01-06,Merchant_25,Acquirer_B,113,175061.45,2.51,1.88,4394.04,3291.16,1102.88
2024-01-28,Merchant_7,Acquirer_B,251,56388.05,0.84,0.24,473.66,135.33,338.33
2024-01-28,Merchant_6,Acquirer_B,476,404309.37,1.95,0.48,7884.03,1940.68,5943.35
2024-02-13,Merchant_24,Acquirer_A,251,473896.32,1.76,1.8,8340.58,8530.13,-189.55
2024-03-24,Merchant_33,Acquirer_B,303,37085.92,0.86,1.03,318.94,381.98,-63.04
2024-01-30,Merchant_49,Acquirer_D,459,477602.49,2.06,1.22,9838.61,5826.75,4011.86
2024-03-02,Merchant_29,Acquirer_C,313,261765.72,1.18,1.39,3088.84,3638.54,-549.7
2024-03-15,Merchant_43,Acquirer_D,118,150483.27,1.72,1.42,2588.31,2136.86,451.45
2024-03-29,Merchant_22,Acquirer_A,301,39354.18,0.71,1.88,279.41,739.86,-460.45
2024-03-02,Merchant_26,Acquirer_D,161,250811.51,1.65,1.99,4138.39,4991.15,-852.76
2024-01-01,Merchant_28,Acquirer_C,401,397463.26,1.27,1.5,5047.78,5961.95,-914.17
2024-01-27,Merchant_50,Acquirer_D,198,353836.15,2.56,0.72,9058.21,2547.62,6510.59
2024-03-02,Merchant_21,Acquirer_A,260,26062.78,0.64,1.78,166.8,463.92,-297.12
2024-03-17,Merchant_49,Acquirer_B,148,37378.02,1.55,0.29,579.36,108.4,470.96
2024-01-03,Merchant_7,Acquirer_D,240,202033.77,1.65,0.62,3333.56,1252.61,2080.95
2024-03-10,Merchant_17,Acquirer_A,47,148349.96,2.31,1.82,3426.88,2699.97,726.91
2024-03-12,Merchant_20,Acquirer_A,475,116959.78,1.94,0.66,2269.02,771.93,1497.09
2024-01-27,Merchant_41,Acquirer_C,399,141221.24,2.17,0.6,3064.5,847.33,2217.17
2024-01-09,Merchant_49,Acquirer_C,198,401937.89,2.44,0.45,9807.28,1808.72,7998.56
2024-03-02,Merchant_20,Acquirer_D,47,464684.8,2.66,1.75,12360.62,8131.98,4228.64
2024-02-06,Merchant_22,Acquirer_B,78,203146.24,1.28,1.1,2600.27,2234.61,365.66
2024-02-20,Merchant_28,Acquirer_A,124,453149.39,1.85,1.41,8383.26,6389.41,1993.85
2024-02-13,Merchant_40,Acquirer_D,75,161426.35,2.6,0.63,4197.09,1016.99,3180.1
2024-01-24,Merchant_49,Acquirer_A,359,238742.06,2.97,1.56,7090.64,3724.38,3366.26
2024-03-19,Merchant_7,Acquirer_A,137,113788.47,2.72,1.57,3095.05,1786.48,1308.57
2024-02-28,Merchant_1,Acquirer_B,90,320597.55,1.43,0.76,4584.54,2436.54,2148.0
2024-02-01,Merchant_32,Acquirer_B,400,489511.58,0.99,0.94,4846.16,4601.41,244.75
2024-03-28,Merchant_13,Acquirer_D,325,302143.05,1.72,0.58,5196.86,1752.43,3444.43
2024-02-21,Merchant_30,Acquirer_B,61,179549.23,2.35,1.96,4219.41,3519.16,700.25
2024-03-02,Merchant_23,Acquirer_B,138,324260.91,1.73,1.36,5609.71,4409.95,1199.76
2024-02-27,Merchant_19,Acquirer_D,50,62337.42,1.71,1.88,1065.97,1171.94,-105.97
2024-02-21,Merchant_32,Acquirer_B,259,444440.88,2.6,0.75,11555.46,3333.31,8222.15
2024-01-12,Merchant_30,Acquirer_C,461,252038.89,1.4,1.61,3528.54,4057.83,-529.29
2024-02-08,Merchant_29,Acquirer_A,107,225225.52,2.65,1.58,5968.48,3558.56,2409.92
2024-01-02,Merchant_49,Acquirer_A,113,293346.53,1.52,1.44,4458.87,4224.19,234.68
2024-01-03,Merchant_45,Acquirer_A,350,312767.15,1.32,1.94,4128.53,6067.68,-1939.15
2024-02-25,Merchant_29,Acquirer_A,254,36816.13,1.63,0.91,600.1,335.03,265.07
2024-03-21,Merchant_30,Acquirer_D,118,341625.99,2.41,0.44,8233.19,1503.15,6730.04
2024-02-28,Merchant_16,Acquirer_A,493,121723.91,0.82,1.41,998.14,1716.31,-718.17
2024-01-02,Merchant_40,Acquirer_A,198,357262.36,0.99,1.51,3536.9,5394.66,-1857.76
2024-01-02,Merchant_19,Acquirer_A,337,411444.86,2.88,1.24,11849.61,5101.92,6747.69
2024-02-23,Merchant_18,Acquirer_A,365,402175.3,0.94,0.57,3780.45,2292.4,1488.05
2024-03-27,Merchant_1,Acquirer_C,51,276697.98,1.92,1.11,5312.6,3071.35,2241.25
2024-01-01,Merchant_14,Acquirer_A,245,260564.78,1.95,0.76,5081.01,1980.29,3100.72
2024-01-19,Merchant_47,Acquirer_C,403,72295.1,1.72,0.97,1243.48,701.26,542.22
2024-01-02,Merchant_50,Acquirer_D,426,387897.73,2.11,1.36,8184.64,5275.41,2909.23
2024-02-22,Merchant_2,Acquirer_B,35,136433.28,1.07,1.54,1459.84,2101.07,-641.23
2024-02-13,Merchant_28,Acquirer_A,302,248851.02,1.88,0.62,4678.4,1542.88,3135.52
2024-03-30,Merchant_49,Acquirer_B,410,142852.77,1.43,0.93,2042.79,1328.53,714.26
2024-02-01,Merchant_50,Acquirer_B,499,67780.35,2.15,0.68,1457.28,460.91,996.37
2024-03-10,Merchant_30,Acquirer_D,69,315149.29,0.85,0.56,2678.77,1764.84,913.93
2024-02-01,Merchant_38,Acquirer_B,349,28111.69,1.93,1.61,542.56,452.6,89.96
2024-03-08,Merchant_4,Acquirer_C,320,374573.97,0.96,1.84,3595.91,6892.16,-3296.25
2024-02-24,Merchant_1,Acquirer_B,421,159475.81,1.2,0.87,1913.71,1387.44,526.27
2024-03-15,Merchant_8,Acquirer_B,468,1067.21,1.05,1.55,11.21,16.54,-5.33
2024-02-25,Merchant_29,Acquirer_B,49,256053.44,0.96,1.81,2458.11,4634.57,-2176.46
2024-01-17,Merchant_39,Acquirer_A,405,24379.1,2.56,1.72,624.1,419.32,204.78
2024-02-07,Merchant_3,Acquirer_A,74,138808.61,1.21,0.53,1679.58,735.69,943.89
2024-01-24,Merchant_32,Acquirer_C,192,353781.27,2.82,1.92,9976.63,6792.6,3184.03
2024-03-09,Merchant_10,Acquirer_C,261,32282.12,2.92,0.88,942.64,284.08,658.56
2024-03-10,Merchant_10,Acquirer_A,356,419829.91,1.93,0.81,8102.72,3400.62,4702.1
2024-03-26,Merchant_19,Acquirer_C,70,2906.14,0.86,0.31,24.99,9.01,15.98
2024-01-11,Merchant_46,Acquirer_A,90,124165.11,1.44,1.08,1787.98,1340.98,447.0
2024-01-16,Merchant_34,Acquirer_D,260,370711.12,2.49,0.4,9230.71,1482.84,7747.87
2024-03-13,Merchant_33,Acquirer_B,126,158818.8,1.42,0.65,2255.23,1032.32,1222.91
2024-02-28,Merchant_23,Acquirer_B,231,51844.3,0.72,0.77,373.28,399.2,-25.92
2024-03-10,Merchant_28,Acquirer_C,295,180756.73,1.89,1.66,3416.3,3000.56,415.74
2024-03-20,Merchant_32,Acquirer_A,498,135926.25,2.61,1.78,3547.68,2419.49,1128.19
2024-01-03,Merchant_50,Acquirer_A,419,421513.24,2.49,0.74,10495.68,3119.2,7376.48
2024-01-20,Merchant_7,Acquirer_C,129,157360.61,0.94,1.75,1479.19,2753.81,-1274.62
2024-02-28,Merchant_29,Acquirer_A,280,394677.3,2.18,1.74,8603.97,6867.39,1736.58
2024-02-05,Merchant_8,Acquirer_D,313,446044.2,1.05,1.58,4683.46,7047.5,-2364.04
2024-01-19,Merchant_1,Acquirer_B,100,217474.89,1.05,0.46,2283.49,1000.38,1283.11
2024-03-30,Merchant_3,Acquirer_C,326,455061.63,2.69,1.44,12241.16,6552.89,5688.27
2024-03-07,Merchant_24,Acquirer_C,297,189281.71,1.12,1.9,2119.96,3596.35,-1476.39
2024-01-19,Merchant_23,Acquirer_A,182,482075.13,1.16,1.43,5592.07,6893.67,-1301.6
2024-01-20,Merchant_8,Acquirer_C,174,45555.47,0.5,0.8,227.78,364.44,-136.66
2024-03-11,Merchant_47,Acquirer_D,316,343822.61,2.68,1.1,9214.45,3782.05,5432.4
2024-02-21,Merchant_37,Acquirer_A,364,247413.21,2.48,1.36,6135.85,3364.82,2771.03
2024-02-02,Merchant_3,Acquirer_A,188,194436.75,2.07,1.12,4024.84,2177.69,1847.15
2024-02-09,Merchant_33,Acquirer_A,57,316723.23,2.38,0.42,7538.01,1330.24,6207.77
2024-02-08,Merchant_28,Acquirer_A,31,352224.69,0.88,0.76,3099.58,2676.91,422.67
2024-03-22,Merchant_47,Acquirer_D,84,3177.27,1.65,1.64,52.42,52.11,0.31
2024-01-01,Merchant_8,Acquirer_A,152,84309.59,1.38,1.75,1163.47,1475.42,-311.95
2024-01-11,Merchant_34,Acquirer_C,473,356809.98,0.73,0.45,2604.71,1605.64,999.07
2024-02-26,Merchant_35,Acquirer_D,36,333526.32,1.72,1.91,5736.65,6370.35,-633.7
2024-03-29,Merchant_32,Acquirer_B,213,483057.71,2.8,0.79,13525.62,3816.16,9709.46
2024-02-19,Merchant_24,Acquirer_B,414,380757.86,0.6,1.39,2284.55,5292.53,-3007.98
2024-01-23,Merchant_14,Acquirer_C,408,475435.58,1.23,1.55,5847.86,7369.25,-1521.39
2024-01-31,Merchant_32,Acquirer_C,364,351567.71,1.02,1.66,3585.99,5836.02,-2250.03
2024-02-11,Merchant_46,Acquirer_D,106,149728.05,1.1,1.9,1647.01,2844.83,-1197.82
2024-01-07,Merchant_43,Acquirer_B,414,53577.1,2.77,0.76,1484.09,407.19,1076.9
2024-01-16,Merchant_16,Acquirer_B,342,391130.11,1.67,1.75,6531.87,6844.78,-312.91
2024-03-30,Merchant_4,Acquirer_B,220,322430.46,1.67,0.44,5384.59,1418.69,3965.9
2024-02-29,Merchant_37,Acquirer_B,391,25044.82,2.4,1.47,601.08,368.16,232.92
2024-01-02,Merchant_21,Acquirer_B,163,180665.18,0.89,1.54,1607.92,2782.24,-1174.32
2024-01-01,Merchant_14,Acquirer_A,439,478443.11,1.72,1.42,8229.22,6793.89,1435.33
2024-02-17,Merchant_31,Acquirer_C,220,250700.17,1.57,0.65,3935.99,1629.55,2306.44
2024-01-12,Merchant_48,Acquirer_A,270,216931.84,1.99,1.77,4316.94,3839.69,477.25
2024-03-09,Merchant_18,Acquirer_B,120,229392.1,3.0,0.5,6881.76,1146.96,5734.8
2024-02-06,Merchant_7,Acquirer_D,394,105232.48,2.42,0.3,2546.63,315.7,2230.93
2024-02-01,Merchant_10,Acquirer_D,336,184984.88,1.49,1.49,2756.27,2756.27,0.0
2024-01-09,Merchant_7,Acquirer_B,400,185536.81,2.57,1.06,4768.3,1966.69,2801.61
2024-01-19,Merchant_33,Acquirer_B,182,27125.16,0.93,1.73,252.26,469.27,-217.01
2024-02-17,Merchant_23,Acquirer_D,479,384016.25,0.58,0.89,2227.29,3417.74,-1190.45
2024-03-20,Merchant_21,Acquirer_A,106,208835.71,1.01,0.5,2109.24,1044.18,1065.06
2024-01-03,Merchant_19,Acquirer_A,217,411267.76,1.35,1.71,5552.11,7032.68,-1480.57
2024-01-20,Merchant_48,Acquirer_B,205,425323.65,1.78,1.19,7570.76,5061.35,2509.41
2024-01-24,Merchant_19,Acquirer_A,70,106785.03,2.04,0.54,2178.41,576.64,1601.77
2024-02-23,Merchant_36,Acquirer_D,44,329019.39,2.78,1.5,9146.74,4935.29,4211.45
2024-02-02,Merchant_29,Acquirer_A,329,236668.62,1.77,1.12,4189.03,2650.69,1538.34
2024-01-24,Merchant_18,Acquirer_B,301,440198.21,1.75,1.29,7703.47,5678.56,2024.91
2024-03-15,Merchant_2,Acquirer_D,228,108654.6,0.63,1.03,684.52,1119.14,-434.62
2024-03-12,Merchant_1,Acquirer_A,184,339228.79,0.59,1.69,2001.45,5732.97,-3731.52
2024-02-05,Merchant_47,Acquirer_C,107,304268.31,1.88,1.69,5720.24,5142.13,578.11
2024-02-07,Merchant_5,Acquirer_D,84,148355.44,1.6,1.48,2373.69,2195.66,178.03
2024-03-24,Merchant_20,Acquirer_D,338,69163.85,2.6,0.39,1798.26,269.74,1528.52
2024-03-29,Merchant_11,Acquirer_C,250,326168.24,0.9,1.71,2935.51,5577.48,-2641.97
2024-01-25,Merchant_42,Acquirer_C,363,369560.13,0.56,1.41,2069.54,5210.8,-3141.26
2024-01-18,Merchant_2,Acquirer_D,441,158498.04,1.62,1.45,2567.67,2298.22,269.45
2024-03-22,Merchant_3,Acquirer_C,21,322771.47,1.09,0.85,3518.21,2743.56,774.65
2024-03-06,Merchant_23,Acquirer_B,196,198170.32,0.62,1.78,1228.66,3527.43,-2298.77
2024-02-23,Merchant_12,Acquirer_B,178,356890.23,2.31,1.51,8244.16,5389.04,2855.12
2024-02-04,Merchant_20,Acquirer_B,417,100408.42,0.78,0.4,783.19,401.63,381.56
2024-03-20,Merchant_5,Acquirer_D,475,445217.29,2.02,0.93,8993.39,4140.52,4852.87
2024-03-01,Merchant_37,Acquirer_C,7,144417.39,1.2,1.8,1733.01,2599.51,-866.5
2024-02-10,Merchant_38,Acquirer_C,70,184525.21,0.93,0.28,1716.08,516.67,1199.41
2024-02-02,Merchant_30,Acquirer_A,127,29987.88,1.45,1.93,434.82,578.77,-143.95
2024-03-08,Merchant_9,Acquirer_A,399,56644.59,2.5,1.42,1416.11,804.35,611.76
2024-02-02,Merchant_34,Acquirer_C,466,258415.09,1.48,1.34,3824.54,3462.76,361.78
2024-01-14,Merchant_44,Acquirer_C,160,134528.75,2.38,0.69,3201.78,928.25,2273.53
2024-01-21,Merchant_35,Acquirer_C,248,417904.63,0.81,0.65,3385.03,2716.38,668.65
2024-02-17,Merchant_22,Acquirer_D,203,8332.0,2.43,1.9,202.47,158.31,44.16
2024-01-20,Merchant_44,Acquirer_C,148,190167.93,1.09,0.74,2072.83,1407.24,665.59
2024-01-08,Merchant_24,Acquirer_A,472,169335.43,2.19,1.6,3708.45,2709.37,999.08
2024-01-07,Merchant_17,Acquirer_D,143,10644.49,1.91,0.91,203.31,96.86,106.45
2024-03-07,Merchant_10,Acquirer_C,432,63059.83,2.82,0.45,1778.29,283.77,1494.52
2024-01-17,Merchant_30,Acquirer_A,199,207407.69,1.47,0.22,3048.89,456.3,2592.59
2024-02-02,Merchant_46,Acquirer_D,405,246939.43,0.67,1.18,1654.49,2913.89,-1259.4
2024-02-17,Merchant_23,Acquirer_C,426,202740.58,0.55,1.96,1115.07,3973.72,-2858.65
2024-03-16,Merchant_32,Acquirer_C,154,265937.9,2.57,0.86,6834.6,2287.07,4547.53
2024-02-28,Merchant_17,Acquirer_C,492,297970.71,1.81,0.84,5393.27,2502.95,2890.32
2024-03-26,Merchant_50,Acquirer_D,376,5951.99,2.44,0.82,145.23,48.81,96.42
2024-01-22,Merchant_17,Acquirer_A,384,232583.48,1.09,1.14,2535.16,2651.45,-116.29
2024-01-30,Merchant_14,Acquirer_A,142,481786.12,1.36,0.99,6552.29,4769.68,1782.61
2024-02-07,Merchant_9,Acquirer_B,313,259997.11,0.58,1.78,1507.98,4627.95,-3119.97
2024-02-20,Merchant_40,Acquirer_C,165,339093.59,2.9,1.11,9833.71,3763.94,6069.77
2024-02-23,Merchant_2,Acquirer_B,314,156620.07,2.17,1.11,3398.66,1738.48,1660.18
2024-01-08,Merchant_45,Acquirer_B,21,387221.7,2.83,0.45,10958.37,1742.5,9215.87
2024-01-27,Merchant_25,Acquirer_A,82,386687.82,1.16,1.97,4485.58,7617.75,-3132.17
2024-01-27,Merchant_39,Acquirer_D,69,261126.73,2.03,0.65,5300.87,1697.32,3603.55
2024-01-21,Merchant_9,Acquirer_D,131,488030.9,2.2,0.33,10736.68,1610.5,9126.18
2024-01-30,Merchant_22,Acquirer_A,87,63649.56,1.29,1.39,821.08,884.73,-63.65
2024-01-28,Merchant_43,Acquirer_D,218,9456.88,2.62,1.27,247.77,120.1,127.67
2024-03-04,Merchant_46,Acquirer_B,421,385308.95,2.87,0.95,11058.37,3660.44,7397.93
2024-03-09,Merchant_4,Acquirer_C,472,403770.61,2.71,0.96,10942.18,3876.2,7065.98
2024-03-01,Merchant_26,Acquirer_A,305,60983.41,2.35,1.61,1433.11,981.83,451.28
2024-02-17,Merchant_29,Acquirer_C,403,133525.83,1.19,0.55,1588.96,734.39,854.57
2024-01-19,Merchant_45,Acquirer_D,371,9758.63,1.2,1.68,117.1,163.94,-46.84
2024-01-04,Merchant_34,Acquirer_C,345,147361.0,2.91,1.37,4288.21,2018.85,2269.36
2024-02-04,Merchant_23,Acquirer_D,341,386797.8,0.53,0.95,2050.03,3674.58,-1624.55
2024-03-04,Merchant_37,Acquirer_D,384,259462.3,2.29,1.02,5941.69,2646.52,3295.17
2024-02-18,Merchant_11,Acquirer_B,396,174699.7,2.27,0.66,3965.68,1153.02,2812.66
2024-01-17,Merchant_6,Acquirer_D,445,186497.91,2.06,1.55,3841.86,2890.72,951.14
2024-02-13,Merchant_18,Acquirer_B,425,1675.46,2.98,1.12,49.93,18.77,31.16
2024-01-30,Merchant_21,Acquirer_B,161,150600.46,1.28,0.78,1927.69,1174.68,753.01
2024-02-15,Merchant_42,Acquirer_B,178,323582.91,1.35,1.27,4368.37,4109.5,258.87
2024-01-06,Merchant_36,Acquirer_A,117,487123.03,0.7,1.99,3409.86,9693.75,-6283.89
2024-02-06,Merchant_41,Acquirer_A,196,423683.35,1.61,0.98,6821.3,4152.1,2669.2
2024-01-24,Merchant_38,Acquirer_D,383,12773.89,1.15,1.86,146.9,237.59,-90.69
2024-02-15,Merchant_34,Acquirer_B,490,449381.74,1.36,0.82,6111.59,3684.93,2426.66
2024-02-22,Merchant_17,Acquirer_A,327,391816.01,2.59,0.3,10148.03,1175.45,8972.58
2024-02-29,Merchant_37,Acquirer_B,86,390407.69,2.84,0.57,11087.58,2225.32,8862.26
2024-03-03,Merchant_25,Acquirer_C,289,229539.88,0.96,0.95,2203.58,2180.63,22.95
2024-03-25,Merchant_38,Acquirer_C,81,199604.64,1.43,0.6,2854.35,1197.63,1656.72
2024-02-01,Merchant_12,Acquirer_C,152,152154.95,2.82,0.2,4290.77,304.31,3986.46
2024-03-27,Merchant_23,Acquirer_D,61,33781.73,0.65,1.85,219.58,624.96,-405.38
2024-02-02,Merchant_42,Acquirer_B,61,114889.45,0.73,1.72,838.69,1976.1,-1137.41
2024-03-07,Merchant_22,Acquirer_C,354,124055.21,0.91,1.54,1128.9,1910.45,-781.55
2024-01-18,Merchant_21,Acquirer_A,28,242554.46,1.99,0.5,4826.83,1212.77,3614.06
2024-01-25,Merchant_27,Acquirer_C,442,373974.76,0.88,0.42,3290.98,1570.69,1720.29
2024-02-23,Merchant_31,Acquirer_C,43,237431.1,2.92,0.32,6932.99,759.78,6173.21
2024-02-27,Merchant_6,Acquirer_C,169,29864.38,1.62,1.5,483.8,447.97,35.83
2024-03-07,Merchant_27,Acquirer_D,423,478937.11,1.75,1.87,8381.4,8956.12,-574.72
2024-02-15,Merchant_40,Acquirer_A,86,471419.44,1.12,0.97,5279.9,4572.77,707.13
2024-01-24,Merchant_34,Acquirer_B,177,392809.58,1.68,0.41,6599.2,1610.52,4988.68
2024-02-01,Merchant_12,Acquirer_A,17,495672.62,2.15,1.12,10656.96,5551.53,5105.43
2024-02-16,Merchant_45,Acquirer_B,98,272696.68,2.38,0.83,6490.18,2263.38,4226.8
2024-03-26,Merchant_7,Acquirer_D,454,481421.41,2.38,0.87,11457.83,4188.37,7269.46
2024-01-23,Merchant_10,Acquirer_D,494,38726.92,1.94,1.32,751.3,511.2,240.1
2024-03-06,Merchant_45,Acquirer_D,198,183474.69,2.76,1.49,5063.9,2733.77,2330.13
2024-01-27,Merchant_17,Acquirer_D,98,113465.25,2.54,0.4,2882.02,453.86,2428.16
2024-01-02,Merchant_26,Acquirer_B,65,98720.71,2.39,0.26,2359.42,256.67,2102.75
2024-03-30,Merchant_21,Acquirer_C,330,71260.67,0.64,1.99,456.07,1418.09,-962.02
2024-01-17,Merchant_28,Acquirer_B,341,311584.41,0.52,0.62,1620.24,1931.82,-311.58
2024-02-02,Merchant_46,Acquirer_A,5,390879.61,1.03,0.3,4026.06,1172.64,2853.42
2024-01-09,Merchant_2,Acquirer_D,2,289570.9,2.16,0.54,6254.73,1563.68,4691.05
2024-02-12,Merchant_43,Acquirer_D,22,74334.39,1.53,0.27,1137.32,200.7,936.62
2024-02-17,Merchant_1,Acquirer_A,112,405750.76,1.51,0.91,6126.84,3692.33,2434.51
2024-02-08,Merchant_36,Acquirer_B,57,318341.4,2.71,1.64,8627.05,5220.8,3406.25
2024-02-11,Merchant_26,Acquirer_C,66,194694.69,2.74,0.81,5334.63,1577.03,3757.6
2024-01-26,Merchant_29,Acquirer_C,330,337391.02,2.77,1.0,9345.73,3373.91,5971.82
2024-02-19,Merchant_21,Acquirer_A,98,130692.58,1.28,1.42,1672.87,1855.83,-182.96
2024-01-25,Merchant_11,Acquirer_C,144,173250.91,2.23,1.12,3863.5,1940.41,1923.09
2024-01-24,Merchant_40,Acquirer_B,368,458825.44,1.18,1.75,5414.14,8029.45,-2615.31
2024-01-13,Merchant_11,Acquirer_B,435,145961.75,0.98,1.76,1430.43,2568.93,-1138.5
2024-02-29,Merchant_36,Acquirer_A,125,235524.15,0.96,0.22,2261.03,518.15,1742.88
2024-01-07,Merchant_49,Acquirer_B,167,445180.43,1.36,1.6,6054.45,7122.89,-1068.44
2024-02-26,Merchant_39,Acquirer_D,86,354152.95,1.57,1.03,5560.2,3647.78,1912.42
2024-02-05,Merchant_40,Acquirer_A,76,32039.41,2.58,1.98,826.62,634.38,192.24
2024-02-14,Merchant_35,Acquirer_B,344,74504.22,0.8,1.07,596.03,797.2,-201.17
2024-01-20,Merchant_34,Acquirer_A,495,4912.95,2.34,1.98,114.96,97.28,17.68
2024-03-05,Merchant_47,Acquirer_C,424,315829.97,1.83,1.56,5779.69,4926.95,852.74
2024-01-08,Merchant_24,Acquirer_B,294,224389.04,1.22,0.65,2737.55,1458.53,1279.02
2024-01-16,Merchant_22,Acquirer_D,444,68003.15,1.73,1.17,1176.45,795.64,380.81
2024-01-14,Merchant_5,Acquirer_B,59,479009.13,1.25,1.99,5987.61,9532.28,-3544.67
2024-03-16,Merchant_33,Acquirer_A,138,265300.2,1.99,1.74,5279.47,4616.22,663.25
2024-03-27,Merchant_36,Acquirer_A,99,121704.75,1.58,0.38,1922.94,462.48,1460.46
2024-01-15,Merchant_47,Acquirer_B,192,250801.18,0.91,1.47,2282.29,3686.78,-1404.49
2024-03-06,Merchant_20,Acquirer_D,243,340130.55,0.79,0.82,2687.03,2789.07,-102.04
2024-02-01,Merchant_19,Acquirer_D,319,39043.37,1.87,0.21,730.11,81.99,648.12
2024-03-27,Merchant_35,Acquirer_D,49,138077.2,2.76,0.93,3810.93,1284.12,2526.81
2024-03-03,Merchant_43,Acquirer_A,448,403675.78,1.36,0.62,5489.99,2502.79,2987.2
2024-03-26,Merchant_17,Acquirer_B,32,230372.77,2.33,1.67,5367.69,3847.23,1520.46
2024-02-20,Merchant_45,Acquirer_C,391,273741.99,2.15,0.81,5885.45,2217.31,3668.14
2024-01-25,Merchant_43,Acquirer_A,277,216975.19,2.83,1.69,6140.4,3666.88,2473.52
2024-02-27,Merchant_34,Acquirer_D,20,22906.07,2.55,0.2,584.1,45.81,538.29
2024-03-03,Merchant_9,Acquirer_B,154,83709.14,1.92,0.75,1607.22,627.82,979.4
2024-03-02,Merchant_26,Acquirer_D,383,223325.28,2.14,0.63,4779.16,1406.95,3372.21
2024-01-22,Merchant_2,Acquirer_C,68,105383.55,2.75,0.62,2898.05,653.38,2244.67
2024-02-27,Merchant_9,Acquirer_D,366,25939.54,1.5,0.32,389.09,83.01,306.08
2024-02-27,Merchant_9,Acquirer_D,372,421981.18,1.32,0.54,5570.15,2278.7,3291.45
2024-03-26,Merchant_40,Acquirer_C,214,490615.07,0.53,1.2,2600.26,5887.38,-3287.12
2024-02-18,Merchant_17,Acquirer_B,143,396778.29,2.57,0.72,10197.2,2856.8,7340.4
2024-02-21,Merchant_1,Acquirer_A,376,427038.68,2.5,0.95,10675.97,4056.87,6619.1
2024-02-11,Merchant_25,Acquirer_B,232,121746.59,0.76,0.88,925.27,1071.37,-146.1
2024-03-10,Merchant_43,Acquirer_C,213,480352.86,1.94,1.78,9318.85,8550.28,768.57
2024-01-15,Merchant_40,Acquirer_D,79,99265.93,1.66,1.83,1647.81,1816.57,-168.76
2024-02-23,Merchant_42,Acquirer_B,214,475763.48,0.8,1.09,3806.11,5185.82,-1379.71
2024-02-29,Merchant_25,Acquirer_A,116,497414.83,2.95,0.79,14673.74,3929.58,10744.16
2024-01-08,Merchant_39,Acquirer_C,92,356149.68,1.04,0.39,3703.96,1388.98,2314.98
2024-02-22,Merchant_35,Acquirer_B,270,490590.72,0.67,1.92,3286.96,9419.34,-6132.38
2024-02-29,Merchant_3,Acquirer_A,411,285200.35,1.99,0.31,5675.49,884.12,4791.37
2024-01-05,Merchant_50,Acquirer_C,381,130511.35,2.35,0.74,3067.02,965.78,2101.24
2024-03-08,Merchant_37,Acquirer_A,489,219060.95,0.58,0.74,1270.55,1621.05,-350.5
2024-01-06,Merchant_44,Acquirer_C,168,297186.91,2.15,0.78,6389.52,2318.06,4071.46
2024-02-16,Merchant_44,Acquirer_D,58,37467.7,1.83,0.5,685.66,187.34,498.32
2024-02-24,Merchant_30,Acquirer_B,284,311549.29,0.76,1.61,2367.77,5015.94,-2648.17
2024-02-09,Merchant_38,Acquirer_A,26,490607.74,0.93,0.42,4562.65,2060.55,2502.1
2024-02-21,Merchant_34,Acquirer_C,369,95863.72,1.92,1.34,1840.58,1284.57,556.01
2024-01-16,Merchant_12,Acquirer_A,447,396504.96,1.24,0.42,4916.66,1665.32,3251.34
2024-01-13,Merchant_19,Acquirer_A,66,454041.5,2.85,0.33,12940.18,1498.34,11441.84
2024-01-30,Merchant_37,Acquirer_B,409,471907.09,2.55,1.84,12033.63,8683.09,3350.54
2024-01-19,Merchant_44,Acquirer_D,248,480107.67,2.96,0.54,14211.19,2592.58,11618.61
2024-01-17,Merchant_49,Acquirer_A,254,261208.36,1.15,1.68,3003.9,4388.3,-1384.4
2024-03-03,Merchant_17,Acquirer_C,387,488676.65,2.92,1.18,14269.36,5766.38,8502.98
2024-01-19,Merchant_10,Acquirer_C,456,378897.79,1.58,0.34,5986.59,1288.25,4698.34
2024-02-27,Merchant_49,Acquirer_D,44,81674.05,1.37,1.92,1118.93,1568.14,-449.21
2024-02-24,Merchant_47,Acquirer_C,97,238973.15,0.63,0.64,1505.53,1529.43,-23.9
2024-03-30,Merchant_12,Acquirer_D,42,359447.26,0.63,1.75,2264.52,6290.33,-4025.81
2024-03-30,Merchant_16,Acquirer_C,227,124422.82,2.23,0.5,2774.63,622.11,2152.52
2024-03-02,Merchant_24,Acquirer_B,262,320666.98,1.64,1.74,5258.94,5579.61,-320.67
2024-01-23,Merchant_19,Acquirer_A,167,333633.64,1.07,0.22,3569.88,733.99,2835.89
2024-01-09,Merchant_8,Acquirer_B,436,82187.17,2.03,1.12,1668.4,920.5,747.9
2024-01-12,Merchant_31,Acquirer_A,279,282977.57,1.13,1.58,3197.65,4471.05,-1273.4
2024-01-01,Merchant_21,Acquirer_A,89,386041.83,1.94,1.88,7489.21,7257.59,231.62
2024-02-27,Merchant_17,Acquirer_A,379,249948.94,1.4,1.84,3499.29,4599.06,-1099.77
2024-01-01,Merchant_23,Acquirer_B,178,7039.46,2.56,1.68,180.21,118.26,61.95
2024-02-03,Merchant_37,Acquirer_A,427,5510.2,2.55,1.8,140.51,99.18,41.33
2024-02-17,Merchant_16,Acquirer_B,403,179157.64,1.69,0.56,3027.76,1003.28,2024.48
2024-03-29,Merchant_6,Acquirer_D,197,463170.84,1.38,0.71,6391.76,3288.51,3103.25
2024-01-01,Merchant_8,Acquirer_C,307,115109.71,1.41,0.72,1623.05,828.79,794.26
2024-01-16,Merchant_25,Acquirer_C,267,317547.48,2.51,0.88,7970.44,2794.42,5176.02
2024-03-01,Merchant_18,Acquirer_A,268,111815.86,1.32,0.91,1475.97,1017.52,458.45
2024-03-04,Merchant_25,Acquirer_B,74,161513.32,1.02,1.18,1647.44,1905.86,-258.42
2024-03-03,Merchant_12,Acquirer_C,8,424173.0,0.71,0.49,3011.63,2078.45,933.18
2024-03-09,Merchant_15,Acquirer_B,408,364701.86,1.67,1.44,6090.52,5251.71,838.81
2024-01-22,Merchant_26,Acquirer_B,476,48604.24,1.71,0.5,831.13,243.02,588.11
2024-03-07,Merchant_41,Acquirer_A,297,214922.31,2.6,0.76,5587.98,1633.41,3954.57
2024-03-16,Merchant_45,Acquirer_C,164,15555.71,1.05,1.11,163.33,172.67,-9.34
2024-01-26,Merchant_26,Acquirer_A,485,240964.18,1.45,1.63,3493.98,3927.72,-433.74
2024-01-16,Merchant_47,Acquirer_A,85,331554.57,2.52,1.53,8355.18,5072.78,3282.4
2024-02-20,Merchant_32,Acquirer_C,72,60132.81,2.56,1.36,1539.4,817.81,721.59
2024-03-26,Merchant_10,Acquirer_C,55,145153.58,1.46,0.48,2119.24,696.74,1422.5
2024-02-26,Merchant_16,Acquirer_D,393,199520.48,1.65,1.18,3292.09,2354.34,937.75
2024-01-29,Merchant_7,Acquirer_D,47,459845.98,1.26,0.36,5794.06,1655.45,4138.61
2024-03-18,Merchant_17,Acquirer_B,399,496634.25,2.83,0.88,14054.75,4370.38,9684.37
2024-03-09,Merchant_23,Acquirer_C,432,23410.74,0.8,0.94,187.29,220.06,-32.77
2024-02-16,Merchant_26,Acquirer_D,238,380742.95,2.83,0.27,10775.03,1028.01,9747.02
2024-03-02,Merchant_21,Acquirer_B,104,186490.31,2.21,0.69,4121.44,1286.78,2834.66
2024-03-09,Merchant_22,Acquirer_B,210,196836.63,1.83,1.92,3602.11,3779.26,-177.15
2024-03-16,Merchant_7,Acquirer_B,42,377378.22,0.58,1.92,2188.79,7245.66,-5056.87
2024-01-16,Merchant_14,Acquirer_D,316,459294.79,1.69,0.83,7762.08,3812.15,3949.93
2024-03-30,Merchant_15,Acquirer_C,468,475513.37,1.52,0.28,7227.8,1331.44,5896.36
2024-03-30,Merchant_7,Acquirer_A,454,288984.17,0.9,0.52,2600.86,1502.72,1098.14
2024-02-17,Merchant_9,Acquirer_B,268,179203.46,2.14,0.91,3834.95,1630.75,2204.2
2024-03-25,Merchant_48,Acquirer_D,386,393986.99,2.93,1.91,11543.82,7525.15,4018.67
2024-02-08,Merchant_8,Acquirer_D,263,126249.69,1.91,0.45,2411.37,568.12,1843.25
2024-02-02,Merchant_50,Acquirer_A,336,282472.94,2.29,1.57,6468.63,4434.83,2033.8
2024-01-23,Merchant_23,Acquirer_A,387,179930.65,0.67,0.4,1205.54,719.72,485.82
2024-01-10,Merchant_29,Acquirer_D,365,328658.91,1.54,1.97,5061.35,6474.58,-1413.23
2024-03-09,Merchant_18,Acquirer_C,259,120959.06,0.79,0.89,955.58,1076.54,-120.96
2024-02-03,Merchant_31,Acquirer_A,283,96604.88,2.03,1.6,1961.08,1545.68,415.4
2024-02-21,Merchant_30,Acquirer_D,114,459201.3,2.85,0.82,13087.24,3765.45,9321.79
2024-01-10,Merchant_39,Acquirer_A,363,51800.04,2.15,1.33,1113.7,688.94,424.76
2024-01-19,Merchant_35,Acquirer_C,40,253473.0,0.69,0.55,1748.96,1394.1,354.86
2024-02-27,Merchant_18,Acquirer_B,486,111205.54,1.39,0.46,1545.76,511.55,1034.21
2024-01-01,Merchant_42,Acquirer_A,417,20426.05,1.88,1.89,384.01,386.05,-2.04
2024-03-09,Merchant_39,Acquirer_C,220,18973.39,1.51,1.85,286.5,351.01,-64.51
2024-01-04,Merchant_17,Acquirer_D,129,88435.66,2.58,1.8,2281.64,1591.84,689.8
2024-01-16,Merchant_14,Acquirer_A,8,433518.41,2.54,1.33,11011.37,5765.79,5245.58
2024-01-24,Merchant_31,Acquirer_A,101,141956.89,2.03,1.65,2881.72,2342.29,539.43
2024-03-20,Merchant_24,Acquirer_D,416,475279.13,1.43,0.32,6796.49,1520.89,5275.6
2024-01-02,Merchant_35,Acquirer_B,380,291229.52,1.14,0.8,3320.02,2329.84,990.18
2024-02-01,Merchant_44,Acquirer_D,176,218870.48,0.76,0.76,1663.42,1663.42,0.0
2024-03-31,Merchant_45,Acquirer_A,107,290464.33,1.39,1.34,4037.45,3892.22,145.23
2024-03-24,Merchant_34,Acquirer_D,101,258832.49,1.53,0.84,3960.14,2174.19,1785.95
2024-01-24,Merchant_3,Acquirer_C,260,379629.35,2.19,0.47,8313.88,1784.26,6529.62
2024-01-12,Merchant_37,Acquirer_D,478,141965.54,2.15,1.27,3052.26,1802.96,1249.3
2024-02-19,Merchant_43,Acquirer_A,454,177172.15,0.68,1.67,1204.77,2958.77,-1754.0
2024-02-04,Merchant_40,Acquirer_D,366,447153.06,1.49,0.89,6662.58,3979.66,2682.92
2024-02-02,Merchant_26,Acquirer_B,246,473281.8,0.95,0.44,4496.18,2082.44,2413.74
2024-02-02,Merchant_23,Acquirer_D,275,446386.56,0.89,0.55,3972.84,2455.13,1517.71
2024-03-01,Merchant_44,Acquirer_B,32,210304.55,2.57,0.63,5404.83,1324.92,4079.91
2024-02-20,Merchant_39,Acquirer_C,137,390402.39,0.6,0.74,2342.41,2888.98,-546.57
2024-02-12,Merchant_15,Acquirer_B,12,238691.53,1.55,1.36,3699.72,3246.2,453.52
2024-01-12,Merchant_49,Acquirer_D,395,249272.39,0.92,1.28,2293.31,3190.69,-897.38
2024-03-07,Merchant_4,Acquirer_A,302,103135.37,2.7,1.45,2784.65,1495.46,1289.19
2024-03-05,Merchant_29,Acquirer_B,375,295974.02,1.89,0.85,5593.91,2515.78,3078.13
2024-02-02,Merchant_22,Acquirer_C,16,93881.81,1.08,1.68,1013.92,1577.21,-563.29
2024-02-09,Merchant_25,Acquirer_B,129,166450.78,1.76,0.57,2929.53,948.77,1980.76
2024-03-14,Merchant_13,Acquirer_B,63,427660.07,2.33,1.04,9964.48,4447.66,5516.82
2024-02-12,Merchant_18,Acquirer_B,109,104330.83,2.9,1.64,3025.59,1711.03,1314.56
2024-02-13,Merchant_33,Acquirer_C,375,36507.98,1.05,0.52,383.33,189.84,193.49
2024-01-29,Merchant_16,Acquirer_D,21,35434.79,2.72,0.4,963.83,141.74,822.09
2024-01-13,Merchant_45,Acquirer_B,158,470451.48,2.84,1.79,13360.82,8421.08,4939.74
2024-01-12,Merchant_42,Acquirer_B,269,253953.3,2.79,0.82,7085.3,2082.42,5002.88
2024-02-15,Merchant_44,Acquirer_A,162,205296.62,2.09,1.43,4290.7,2935.74,1354.96
2024-01-02,Merchant_2,Acquirer_C,260,405628.41,2.07,0.25,8396.51,1014.07,7382.44
2024-02-04,Merchant_35,Acquirer_B,412,418077.14,1.51,1.44,6312.96,6020.31,292.65
2024-03-27,Merchant_42,Acquirer_C,102,166763.33,2.38,0.77,3968.97,1284.08,2684.89
2024-03-21,Merchant_34,Acquirer_B,223,347115.41,1.83,0.3,6352.21,1041.35,5310.86
2024-03-30,Merchant_30,Acquirer_D,59,385790.29,2.19,1.3,8448.81,5015.27,3433.54
2024-01-08,Merchant_13,Acquirer_D,247,327670.69,1.57,0.63,5144.43,2064.33,3080.1
2024-01-26,Merchant_13,Acquirer_B,128,76645.94,2.33,0.9,1785.85,689.81,1096.04
2024-03-14,Merchant_18,Acquirer_D,283,438065.66,2.56,0.35,11214.48,1533.23,9681.25
2024-03-30,Merchant_32,Acquirer_B,325,270008.18,0.87,0.46,2349.07,1242.04,1107.03
2024-02-03,Merchant_32,Acquirer_D,25,141953.74,2.58,0.74,3662.41,1050.46,2611.95
2024-01-07,Merchant_35,Acquirer_A,131,213188.86,1.85,0.36,3943.99,767.48,3176.51
2024-03-08,Merchant_39,Acquirer_A,353,19747.97,2.61,1.84,515.42,363.36,152.06
2024-02-27,Merchant_46,Acquirer_A,196,64805.53,1.58,0.21,1023.93,136.09,887.84
2024-03-15,Merchant_29,Acquirer_C,281,383007.83,1.45,1.07,5553.61,4098.18,1455.43
2024-01-29,Merchant_49,Acquirer_C,404,1005.81,2.79,0.42,28.06,4.22,23.84
2024-02-05,Merchant_29,Acquirer_A,418,208866.35,1.13,0.75,2360.19,1566.5,793.69
2024-03-29,Merchant_44,Acquirer_C,154,261732.58,2.61,1.87,6831.22,4894.4,1936.82
2024-01-21,Merchant_16,Acquirer_D,382,28262.58,1.71,0.49,483.29,138.49,344.8
2024-02-05,Merchant_44,Acquirer_B,133,486566.0,1.79,1.94,8709.53,9439.38,-729.85
2024-01-10,Merchant_47,Acquirer_B,227,113836.54,1.27,0.57,1445.72,648.87,796.85
2024-03-13,Merchant_10,Acquirer_B,189,152795.16,1.93,1.53,2948.95,2337.77,611.18
2024-01-24,Merchant_30,Acquirer_A,476,152667.31,1.31,1.18,1999.94,1801.47,198.47
2024-03-04,Merchant_25,Acquirer_C,477,115977.91,0.6,1.79,695.87,2076.0,-1380.13
2024-02-18,Merchant_39,Acquirer_D,265,1735.44,1.18,1.2,20.48,20.83,-0.35
2024-02-05,Merchant_20,Acquirer_D,372,364943.05,0.52,1.16,1897.7,4233.34,-2335.64
2024-03-22,Merchant_5,Acquirer_A,486,483455.9,2.95,0.55,14261.95,2659.01,11602.94
2024-01-24,Merchant_1,Acquirer_D,434,112922.45,2.91,0.5,3286.04,564.61,2721.43
2024-01-23,Merchant_30,Acquirer_D,134,331860.55,1.49,1.85,4944.72,6139.42,-1194.7
2024-03-02,Merchant_49,Acquirer_D,211,371206.27,2.32,0.79,8611.99,2932.53,5679.46
2024-02-06,Merchant_3,Acquirer_D,60,424364.26,1.36,0.87,5771.35,3691.97,2079.38
2024-01-12,Merchant_45,Acquirer_C,428,211891.97,2.18,1.57,4619.24,3326.7,1292.54
2024-02-24,Merchant_14,Acquirer_D,377,152162.52,2.51,0.81,3819.28,1232.52,2586.76
2024-01-13,Merchant_30,Acquirer_B,395,163322.27,2.87,1.91,4687.35,3119.46,1567.89
2024-01-23,Merchant_50,Acquirer_A,450,356598.05,1.5,1.53,5348.97,5455.95,-106.98
2024-03-29,Merchant_4,Acquirer_C,431,408572.95,2.46,1.28,10050.89,5229.73,4821.16
2024-01-30,Merchant_18,Acquirer_D,364,91625.37,1.16,1.79,1062.85,1640.09,-577.24
2024-01-17,Merchant_37,Acquirer_C,364,186099.56,2.98,0.29,5545.77,539.69,5006.08
2024-03-02,Merchant_25,Acquirer_D,457,451068.16,0.56,0.66,2525.98,2977.05,-451.07
2024-03-24,Merchant_48,Acquirer_B,213,403540.07,2.01,1.04,8111.16,4196.82,3914.34
2024-03-29,Merchant_1,Acquirer_A,216,492444.34,2.15,0.61,10587.55,3003.91,7583.64
2024-03-26,Merchant_46,Acquirer_D,226,377369.88,2.22,1.54,8377.61,5811.5,2566.11
2024-01-13,Merchant_15,Acquirer_D,470,197204.41,0.8,1.85,1577.64,3648.28,-2070.64
2024-02-28,Merchant_9,Acquirer_D,131,295728.28,2.85,0.96,8428.26,2838.99,5589.27
2024-01-19,Merchant_15,Acquirer_D,76,330846.11,0.95,0.82,3143.04,2712.94,430.1
2024-02-18,Merchant_49,Acquirer_A,476,40149.45,2.06,1.93,827.08,774.88,52.2
2024-01-12,Merchant_24,Acquirer_A,286,272703.98,1.06,1.0,2890.66,2727.04,163.62
2024-03-01,Merchant_4,Acquirer_B,474,354951.09,1.27,1.08,4507.88,3833.47,674.41
2024-01-19,Merchant_12,Acquirer_A,496,84493.33,1.87,0.83,1580.03,701.29,878.74
2024-03-16,Merchant_37,Acquirer_D,277,390535.23,1.54,1.84,6014.24,7185.85,-1171.61
2024-01-09,Merchant_37,Acquirer_B,156,292302.62,0.9,1.22,2630.72,3566.09,-935.37
2024-03-11,Merchant_43,Acquirer_B,248,476158.67,0.93,1.57,4428.28,7475.69,-3047.41
2024-01-28,Merchant_6,Acquirer_B,218,22168.73,1.55,1.66,343.62,368.0,-24.38
2024-03-18,Merchant_39,Acquirer_D,190,133397.74,2.39,0.82,3188.21,1093.86,2094.35
2024-02-21,Merchant_46,Acquirer_C,417,301175.39,2.74,0.98,8252.21,2951.52,5300.69
2024-03-23,Merchant_24,Acquirer_D,469,148983.4,0.71,1.73,1057.78,2577.41,-1519.63
2024-01-16,Merchant_11,Acquirer_A,163,357497.66,1.48,0.85,5290.97,3038.73,2252.24
2024-03-09,Merchant_13,Acquirer_A,180,379743.64,0.75,1.63,2848.08,6189.82,-3341.74
2024-01-12,Merchant_34,Acquirer_D,34,52155.47,0.54,1.89,281.64,985.74,-704.1
2024-01-25,Merchant_25,Acquirer_D,41,257413.38,2.15,1.32,5534.39,3397.86,2136.53
2024-02-21,Merchant_7,Acquirer_B,307,254936.39,2.01,1.53,5124.22,3900.53,1223.69
2024-03-25,Merchant_4,Acquirer_D,431,185271.1,0.91,1.65,1685.97,3056.97,-1371.0
2024-02-22,Merchant_8,Acquirer_B,338,466529.51,1.08,1.72,5038.52,8024.31,-2985.79
2024-01-23,Merchant_20,Acquirer_A,314,413925.65,0.56,0.91,2317.98,3766.72,-1448.74
2024-01-16,Merchant_29,Acquirer_B,75,348907.48,2.59,0.29,9036.7,1011.83,8024.87
2024-02-26,Merchant_45,Acquirer_D,441,357448.99,2.94,0.92,10509.0,3288.53,7220.47
2024-02-08,Merchant_46,Acquirer_A,279,231396.36,0.84,1.41,1943.73,3262.69,-1318.96
2024-02-22,Merchant_10,Acquirer_C,176,460576.27,1.08,1.01,4974.22,4651.82,322.4
2024-02-11,Merchant_43,Acquirer_B,384,347603.12,2.67,1.55,9281.0,5387.85,3893.15
2024-02-27,Merchant_34,Acquirer_A,150,364761.55,2.82,0.84,10286.28,3064.0,7222.28
2024-02-08,Merchant_26,Acquirer_B,273,430983.76,1.55,1.34,6680.25,5775.18,905.07
2024-01-14,Merchant_41,Acquirer_A,325,137761.72,0.63,0.54,867.9,743.91,123.99
2024-01-05,Merchant_49,Acquirer_A,108,403728.38,0.6,1.55,2422.37,6257.79,-3835.42
2024-02-04,Merchant_3,Acquirer_B,139,98425.06,1.93,1.18,1899.6,1161.42,738.18
2024-03-27,Merchant_6,Acquirer_C,350,173325.63,1.48,0.57,2565.22,987.96,1577.26
2024-03-15,Merchant_5,Acquirer_A,271,168469.62,0.57,0.73,960.28,1229.83,-269.55
2024-01-18,Merchant_5,Acquirer_A,347,489284.21,1.96,1.55,9589.97,7583.91,2006.06
2024-03-16,Merchant_47,Acquirer_A,419,428412.07,0.53,1.07,2270.58,4584.01,-2313.43
2024-01-09,Merchant_23,Acquirer_C,289,350883.76,2.47,0.59,8666.83,2070.21,6596.62
2024-03-14,Merchant_49,Acquirer_C,212,363801.32,1.27,1.94,4620.28,7057.75,-2437.47
2024-02-27,Merchant_9,Acquirer_D,381,281474.32,0.6,1.49,1688.85,4193.97,-2505.12
2024-01-17,Merchant_35,Acquirer_B,272,473598.24,1.97,1.92,9329.89,9093.09,236.8
2024-01-07,Merchant_20,Acquirer_C,418,248633.12,1.49,0.97,3704.63,2411.74,1292.89
2024-02-15,Merchant_49,Acquirer_B,66,190878.34,2.93,1.06,5592.74,2023.31,3569.43
2024-01-13,Merchant_42,Acquirer_D,483,82354.63,1.86,1.82,1531.8,1498.85,32.95
2024-02-09,Merchant_35,Acquirer_B,424,393316.62,1.19,1.15,4680.47,4523.14,157.33
2024-02-11,Merchant_50,Acquirer_C,248,367487.52,2.27,1.47,8341.97,5402.07,2939.9
2024-01-09,Merchant_18,Acquirer_B,156,192793.16,1.18,0.65,2274.96,1253.16,1021.8
2024-02-19,Merchant_17,Acquirer_C,47,13571.51,2.76,1.0,374.57,135.72,238.85
2024-01-27,Merchant_24,Acquirer_B,423,419659.67,1.44,0.42,6043.1,1762.57,4280.53
2024-03-06,Merchant_3,Acquirer_C,454,6697.57,1.87,0.57,125.24,38.18,87.06
2024-01-05,Merchant_32,Acquirer_C,201,352146.19,0.63,0.2,2218.52,704.29,1514.23
2024-01-29,Merchant_35,Acquirer_B,148,485158.3,1.57,0.27,7616.99,1309.93,6307.06
2024-02-06,Merchant_38,Acquirer_D,124,219393.0,2.58,1.96,5660.34,4300.1,1360.24
2024-02-07,Merchant_13,Acquirer_A,1,118251.73,2.51,0.64,2968.12,756.81,2211.31
2024-03-23,Merchant_47,Acquirer_D,456,352730.63,1.06,1.39,3738.94,4902.96,-1164.02
2024-01-08,Merchant_25,Acquirer_B,247,408746.94,1.07,1.71,4373.59,6989.57,-2615.98
2024-03-05,Merchant_9,Acquirer_D,343,273668.73,2.54,1.19,6951.19,3256.66,3694.53
2024-03-26,Merchant_4,Acquirer_C,128,483550.6,2.83,0.48,13684.48,2321.04,11363.44
2024-01-17,Merchant_14,Acquirer_A,191,26782.69,0.74,1.51,198.19,404.42,-206.23
2024-03-11,Merchant_37,Acquirer_B,67,252893.0,1.63,1.28,4122.16,3237.03,885.13
2024-03-29,Merchant_34,Acquirer_B,4,359508.52,1.34,1.52,4817.41,5464.53,-647.12
2024-02-14,Merchant_11,Acquirer_B,442,431457.6,2.68,1.59,11563.06,6860.18,4702.88
2024-01-04,Merchant_41,Acquirer_A,409,90448.55,0.71,1.96,642.18,1772.79,-1130.61
2024-02-05,Merchant_3,Acquirer_C,303,400201.74,1.03,1.23,4122.08,4922.48,-800.4
2024-03-10,Merchant_28,Acquirer_B,294,276800.83,2.38,0.81,6587.86,2242.09,4345.77
2024-01-31,Merchant_29,Acquirer_D,143,198880.29,0.63,1.37,1252.95,2724.66,-1471.71
2024-01-19,Merchant_9,Acquirer_B,191,66725.8,1.73,0.32,1154.36,213.52,940.84
2024-03-01,Merchant_3,Acquirer_B,21,432782.58,1.61,1.82,6967.8,7876.64,-908.84
2024-02-23,Merchant_25,Acquirer_B,227,79479.33,1.34,0.41,1065.02,325.87,739.15
2024-02-08,Merchant_34,Acquirer_B,313,155584.14,1.49,0.79,2318.2,1229.11,1089.09
2024-03-31,Merchant_12,Acquirer_C,117,145732.72,1.82,1.67,2652.34,2433.74,218.6
2024-03-14,Merchant_42,Acquirer_D,437,435835.6,0.9,1.28,3922.52,5578.7,-1656.18
2024-03-30,Merchant_9,Acquirer_C,302,336678.79,1.93,0.91,6497.9,3063.78,3434.12
2024-01-19,Merchant_15,Acquirer_D,142,398544.02,2.51,1.05,10003.45,4184.71,5818.74
2024-02-08,Merchant_40,Acquirer_B,484,125983.48,2.4,1.74,3023.6,2192.11,831.49
2024-03-07,Merchant_25,Acquirer_A,460,312812.18,0.88,0.81,2752.75,2533.78,218.97
2024-02-14,Merchant_5,Acquirer_C,401,286301.25,0.87,1.77,2490.82,5067.53,-2576.71
2024-01-13,Merchant_11,Acquirer_A,39,416582.36,1.17,0.36,4874.01,1499.7,3374.31
2024-02-27,Merchant_34,Acquirer_C,393,453137.44,1.4,1.6,6343.92,7250.2,-906.28
2024-01-20,Merchant_24,Acquirer_B,355,7066.23,1.52,1.73,107.41,122.25,-14.84
2024-03-12,Merchant_15,Acquirer_C,252,337335.94,2.2,0.53,7421.39,1787.88,5633.51
2024-03-01,Merchant_38,Acquirer_B,333,26866.06,0.64,0.97,171.94,260.6,-88.66
2024-02-08,Merchant_8,Acquirer_C,207,274880.47,0.59,0.5,1621.79,1374.4,247.39
2024-01-01,Merchant_5,Acquirer_B,210,144528.73,1.48,1.47,2139.03,2124.57,14.46
2024-01-03,Merchant_48,Acquirer_B,115,154081.52,2.24,1.16,3451.43,1787.35,1664.08
2024-03-17,Merchant_26,Acquirer_D,225,177126.29,0.98,1.34,1735.84,2373.49,-637.65
2024-03-02,Merchant_18,Acquirer_B,134,311024.93,2.1,0.55,6531.52,1710.64,4820.88
2024-03-03,Merchant_6,Acquirer_D,251,167690.93,1.15,0.58,1928.45,972.61,955.84
2024-01-25,Merchant_37,Acquirer_B,219,366616.83,2.72,0.27,9971.98,989.87,8982.11
2024-02-25,Merchant_48,Acquirer_A,407,202859.17,2.74,0.78,5558.34,1582.3,3976.04
2024-02-02,Merchant_13,Acquirer_B,443,35108.25,1.24,1.21,435.34,424.81,10.53
2024-02-07,Merchant_28,Acquirer_A,91,392096.16,1.07,1.74,4195.43,6822.47,-2627.04
2024-01-06,Merchant_5,Acquirer_A,354,143593.4,1.53,1.4,2196.98,2010.31,186.67
2024-02-27,Merchant_13,Acquirer_B,376,216950.67,1.1,0.98,2386.46,2126.12,260.34
2024-02-13,Merchant_17,Acquirer_A,46,343036.5,2.18,1.92,7478.2,6586.3,891.9
2024-02-14,Merchant_50,Acquirer_D,38,166895.62,2.57,1.49,4289.22,2486.74,1802.48
2024-02-01,Merchant_40,Acquirer_C,142,29236.24,2.18,1.87,637.35,546.72,90.63
2024-02-14,Merchant_45,Acquirer_B,100,187586.6,2.56,1.15,4802.22,2157.25,2644.97
2024-03-01,Merchant_32,Acquirer_A,328,472279.84,1.49,0.67,7036.97,3164.27,3872.7
2024-02-16,Merchant_29,Acquirer_B,190,321225.46,0.89,0.3,2858.91,963.68,1895.23
2024-01-21,Merchant_3,Acquirer_D,35,336068.1,2.34,1.51,7863.99,5074.63,2789.36
2024-03-20,Merchant_40,Acquirer_B,147,316508.79,1.4,0.42,4431.12,1329.34,3101.78
2024-03-25,Merchant_34,Acquirer_B,30,100297.08,2.18,0.74,2186.48,742.2,1444.28
2024-03-15,Merchant_40,Acquirer_A,334,209748.6,1.18,1.16,2475.03,2433.08,41.95
2024-02-05,Merchant_27,Acquirer_D,84,375718.96,0.7,1.22,2630.03,4583.77,-1953.74
2024-01-19,Merchant_13,Acquirer_C,369,51585.08,2.98,1.28,1537.24,660.29,876.95
2024-01-20,Merchant_45,Acquirer_C,281,139648.54,0.89,0.5,1242.87,698.24,544.63
2024-02-26,Merchant_33,Acquirer_A,424,138883.24,2.97,0.88,4124.83,1222.17,2902.66
2024-01-18,Merchant_6,Acquirer_B,344,216577.44,2.94,1.31,6367.38,2837.16,3530.22
2024-02-16,Merchant_24,Acquirer_A,270,490204.0,2.48,1.95,12157.06,9558.98,2598.08
2024-02-18,Merchant_19,Acquirer_A,154,34683.77,2.15,1.51,745.7,523.72,221.98
2024-01-14,Merchant_16,Acquirer_A,102,259831.8,1.94,1.86,5040.74,4832.87,207.87
2024-01-15,Merchant_40,Acquirer_B,215,90502.98,2.67,1.57,2416.43,1420.9,995.53
2024-01-31,Merchant_28,Acquirer_D,150,485367.6,1.22,1.27,5921.48,6164.17,-242.69
2024-01-01,Merchant_33,Acquirer_A,432,57538.45,1.67,0.55,960.89,316.46,644.43
2024-02-23,Merchant_48,Acquirer_B,83,202396.9,2.05,1.4,4149.14,2833.56,1315.58
2024-01-03,Merchant_41,Acquirer_D,110,369204.61,1.53,1.32,5648.83,4873.5,775.33
2024-01-16,Merchant_13,Acquirer_A,435,352572.66,1.57,1.28,5535.39,4512.93,1022.46
2024-03-27,Merchant_43,Acquirer_C,387,211941.59,1.33,1.08,2818.82,2288.97,529.85
2024-02-26,Merchant_45,Acquirer_D,426,173915.56,1.91,1.15,3321.79,2000.03,1321.76
2024-03-15,Merchant_25,Acquirer_A,275,199408.58,2.63,0.8,5244.45,1595.27,3649.18
2024-01-12,Merchant_42,Acquirer_D,201,132873.86,1.0,1.13,1328.74,1501.47,-172.73
2024-03-14,Merchant_36,Acquirer_D,284,103461.14,2.84,0.56,2938.3,579.38,2358.92
2024-01-16,Merchant_27,Acquirer_D,468,242036.81,2.22,1.65,5373.22,3993.61,1379.61
2024-03-12,Merchant_38,Acquirer_D,173,134998.34,2.56,0.53,3455.96,715.49,2740.47
2024-03-16,Merchant_7,Acquirer_D,327,144443.37,1.89,0.35,2729.98,505.55,2224.43
2024-01-24,Merchant_5,Acquirer_D,206,328721.28,2.45,0.99,8053.67,3254.34,4799.33
2024-01-28,Merchant_43,Acquirer_A,63,484300.13,0.54,1.38,2615.22,6683.34,-4068.12
2024-01-08,Merchant_45,Acquirer_C,73,302214.96,2.55,0.99,7706.48,2991.93,4714.55
2024-02-05,Merchant_31,Acquirer_B,251,39412.75,0.6,0.7,236.48,275.89,-39.41
2024-03-30,Merchant_23,Acquirer_D,124,38716.22,2.72,1.2,1053.08,464.59,588.49
2024-01-08,Merchant_42,Acquirer_B,375,475760.19,2.98,0.82,14177.65,3901.23,10276.42
2024-02-27,Merchant_10,Acquirer_A,121,149348.1,1.24,1.88,1851.92,2807.74,-955.82
2024-02-29,Merchant_32,Acquirer_D,275,46941.43,1.03,1.86,483.5,873.11,-389.61
2024-02-19,Merchant_43,Acquirer_C,431,299923.25,2.41,1.1,7228.15,3299.16,3928.99
2024-01-28,Merchant_30,Acquirer_B,398,312200.74,1.13,0.79,3527.87,2466.39,1061.48
2024-02-10,Merchant_39,Acquirer_D,120,324603.91,2.66,1.53,8634.46,4966.44,3668.02
2024-03-04,Merchant_31,Acquirer_A,422,134433.61,0.76,0.27,1021.7,362.97,658.73
2024-01-27,Merchant_18,Acquirer_C,437,8540.23,0.81,1.05,69.18,89.67,-20.49
2024-03-03,Merchant_36,Acquirer_B,317,482542.67,2.95,0.81,14235.01,3908.6,10326.41
2024-01-17,Merchant_2,Acquirer_B,164,126195.63,2.18,1.86,2751.06,2347.24,403.82
2024-03-13,Merchant_14,Acquirer_D,424,338337.12,2.62,0.22,8864.43,744.34,8120.09
2024-02-02,Merchant_13,Acquirer_C,465,353608.31,1.31,1.2,4632.27,4243.3,388.97
2024-03-24,Merchant_29,Acquirer_C,286,305393.7,2.19,1.53,6688.12,4672.52,2015.6
2024-03-17,Merchant_12,Acquirer_C,265,157140.79,1.99,1.07,3127.1,1681.41,1445.69
2024-01-29,Merchant_39,Acquirer_C,320,136277.03,2.01,0.35,2739.17,476.97,2262.2
2024-01-13,Merchant_2,Acquirer_A,161,299236.47,2.21,1.95,6613.13,5835.11,778.02
2024-02-15,Merchant_32,Acquirer_C,376,433181.72,1.94,1.13,8403.73,4894.95,3508.78
2024-02-04,Merchant_13,Acquirer_B,308,473420.13,1.57,1.31,7432.7,6201.8,1230.9
2024-01-06,Merchant_46,Acquirer_B,89,53847.0,1.19,0.63,640.78,339.24,301.54
2024-03-22,Merchant_27,Acquirer_A,142,78259.48,2.42,1.07,1893.88,837.38,1056.5
2024-03-09,Merchant_49,Acquirer_B,203,472423.39,1.07,0.97,5054.93,4582.51,472.42
2024-02-16,Merchant_41,Acquirer_B,309,368531.08,2.23,0.33,8218.24,1216.15,7002.09
2024-01-25,Merchant_17,Acquirer_C,227,441613.92,1.08,0.39,4769.43,1722.29,3047.14
2024-03-06,Merchant_40,Acquirer_B,489,102113.68,2.06,1.71,2103.54,1746.14,357.4
2024-01-10,Merchant_31,Acquirer_A,443,294205.35,2.37,0.63,6972.67,1853.49,5119.18
2024-02-25,Merchant_34,Acquirer_C,334,350868.66,1.05,0.55,3684.12,1929.78,1754.34
2024-01-30,Merchant_24,Acquirer_D,222,340375.83,0.65,1.11,2212.44,3778.17,-1565.73
2024-01-05,Merchant_45,Acquirer_C,41,204667.69,0.83,1.58,1698.74,3233.75,-1535.01
2024-02-02,Merchant_35,Acquirer_A,196,8682.05,2.01,0.31,174.51,26.91,147.6
2024-03-05,Merchant_48,Acquirer_C,68,291880.1,2.62,1.24,7647.26,3619.31,4027.95
2024-01-18,Merchant_6,Acquirer_C,476,127297.67,0.61,0.41,776.52,521.92,254.6
2024-02-18,Merchant_19,Acquirer_A,264,225676.87,2.34,0.27,5280.84,609.33,4671.51
2024-01-11,Merchant_30,Acquirer_C,2,478832.93,1.35,0.29,6464.24,1388.62,5075.62
2024-03-25,Merchant_7,Acquirer_A,361,200118.62,1.7,1.7,3402.02,3402.02,0.0
2024-01-26,Merchant_10,Acquirer_A,125,420061.0,2.82,0.41,11845.72,1722.25,10123.47
2024-03-03,Merchant_41,Acquirer_D,110,95081.76,1.33,0.28,1264.59,266.23,998.36
2024-03-29,Merchant_32,Acquirer_B,86,336557.79,1.66,0.99,5586.86,3331.92,2254.94
2024-03-26,Merchant_34,Acquirer_B,425,488526.47,0.53,1.72,2589.19,8402.66,-5813.47
2024-02-28,Merchant_28,Acquirer_C,120,51844.66,0.7,0.67,362.91,347.36,15.55
2024-01-27,Merchant_15,Acquirer_C,127,5151.65,1.15,0.96,59.24,49.46,9.78
2024-02-18,Merchant_30,Acquirer_D,255,217357.81,0.57,0.27,1238.94,586.87,652.07
2024-03-17,Merchant_37,Acquirer_D,183,47220.12,2.08,1.01,982.18,476.92,505.26
2024-02-02,Merchant_29,Acquirer_D,16,374443.79,1.57,1.24,5878.77,4643.1,1235.67
2024-01-01,Merchant_22,Acquirer_A,477,457359.78,1.87,1.23,8552.63,5625.53,2927.1
2024-01-21,Merchant_4,Acquirer_D,62,217576.47,0.94,0.8,2045.22,1740.61,304.61
2024-02-24,Merchant_20,Acquirer_D,369,130097.11,1.24,0.77,1613.2,1001.75,611.45
2024-01-06,Merchant_32,Acquirer_C,432,217767.26,2.16,0.39,4703.77,849.29,3854.48
2024-03-21,Merchant_36,Acquirer_D,158,362000.46,2.91,0.86,10534.21,3113.2,7421.01
2024-03-09,Merchant_50,Acquirer_A,268,5518.03,0.63,0.38,34.76,20.97,13.79
2024-01-05,Merchant_4,Acquirer_A,35,295137.54,2.73,1.58,8057.25,4663.17,3394.08
2024-01-03,Merchant_27,Acquirer_C,267,307032.55,1.94,1.94,5956.43,5956.43,0.0
2024-02-22,Merchant_17,Acquirer_D,64,319206.44,1.91,1.95,6096.84,6224.53,-127.69
2024-01-23,Merchant_12,Acquirer_D,494,121769.02,1.75,1.76,2130.96,2143.13,-12.17
2024-02-22,Merchant_22,Acquirer_A,50,357312.31,0.67,1.28,2393.99,4573.6,-2179.61
2024-02-06,Merchant_17,Acquirer_D,469,46604.35,0.72,1.46,335.55,680.42,-344.87
2024-03-14,Merchant_10,Acquirer_D,255,100435.9,2.0,0.71,2008.72,713.09,1295.63
2024-03-14,Merchant_1,Acquirer_D,149,438857.55,1.35,1.34,5924.58,5880.69,43.89
2024-03-23,Merchant_22,Acquirer_B,325,369622.85,2.79,1.02,10312.48,3770.15,6542.33
2024-01-17,Merchant_26,Acquirer_C,304,7859.03,1.52,1.07,119.46,84.09,35.37
2024-03-25,Merchant_18,Acquirer_B,276,124939.75,0.86,1.56,1074.48,1949.06,-874.58
2024-03-18,Merchant_50,Acquirer_C,357,107988.84,2.29,0.71,2472.94,766.72,1706.22
2024-03-13,Merchant_14,Acquirer_A,451,136132.36,1.23,0.77,1674.43,1048.22,626.21
2024-01-01,Merchant_47,Acquirer_D,172,124532.33,1.81,1.86,2254.04,2316.3,-62.26
2024-02-20,Merchant_29,Acquirer_C,417,32200.62,2.24,0.3,721.29,96.6,624.69
2024-02-14,Merchant_12,Acquirer_B,201,230011.32,2.75,1.07,6325.31,2461.12,3864.19
2024-03-17,Merchant_36,Acquirer_D,445,366634.0,2.48,1.84,9092.52,6746.07,2346.45
2024-01-04,Merchant_35,Acquirer_A,393,303759.13,2.19,1.3,6652.32,3948.87,2703.45
2024-03-02,Merchant_12,Acquirer_C,324,336762.96,2.2,1.18,7408.79,3973.8,3434.99
2024-03-05,Merchant_7,Acquirer_C,35,41493.44,2.86,0.65,1186.71,269.71,917.0
2024-02-01,Merchant_29,Acquirer_C,465,475793.86,1.24,0.82,5899.84,3901.51,1998.33
2024-02-03,Merchant_11,Acquirer_D,482,419407.43,0.5,1.73,2097.04,7255.75,-5158.71
2024-03-12,Merchant_33,Acquirer_B,216,402740.07,1.18,1.21,4752.33,4873.15,-120.82
2024-02-08,Merchant_6,Acquirer_B,480,411668.92,1.04,1.13,4281.36,4651.86,-370.5
2024-01-26,Merchant_47,Acquirer_C,65,466422.54,2.15,0.38,10028.08,1772.41,8255.67
2024-02-03,Merchant_15,Acquirer_A,8,272582.73,2.08,0.23,5669.72,626.94,5042.78
2024-02-23,Merchant_32,Acquirer_A,301,100940.73,1.98,1.93,1998.63,1948.16,50.47
2024-01-03,Merchant_11,Acquirer_B,343,308775.02,0.54,0.88,1667.39,2717.22,-1049.83
2024-02-19,Merchant_23,Acquirer_A,431,371697.87,2.32,1.29,8623.39,4794.9,3828.49
2024-01-12,Merchant_26,Acquirer_B,424,369220.78,1.31,0.34,4836.79,1255.35,3581.44
2024-03-05,Merchant_34,Acquirer_C,332,261203.06,2.16,1.43,5641.99,3735.2,1906.79
2024-02-23,Merchant_46,Acquirer_B,438,35160.9,1.89,1.88,664.54,661.02,3.52
2024-01-05,Merchant_34,Acquirer_B,76,186185.36,1.36,1.24,2532.12,2308.7,223.42
2024-02-26,Merchant_29,Acquirer_C,174,460462.54,0.84,0.43,3867.89,1979.99,1887.9
2024-01-17,Merchant_4,Acquirer_A,47,292640.01,0.74,1.25,2165.54,3658.0,-1492.46
2024-02-16,Merchant_17,Acquirer_B,15,269627.64,2.58,1.58,6956.39,4260.12,2696.27
2024-01-23,Merchant_35,Acquirer_B,361,135157.9,2.8,0.93,3784.42,1256.97,2527.45
2024-03-19,Merchant_13,Acquirer_C,147,184856.01,2.12,1.78,3918.95,3290.44,628.51
2024-03-25,Merchant_41,Acquirer_A,26,447777.7,0.76,1.37,3403.11,6134.55,-2731.44
2024-01-14,Merchant_39,Acquirer_B,308,333565.06,1.51,1.82,5036.83,6070.88,-1034.05
2024-03-06,Merchant_15,Acquirer_C,93,393906.13,2.32,1.32,9138.62,5199.56,3939.06
2024-03-15,Merchant_29,Acquirer_B,406,227718.37,2.45,0.44,5579.1,1001.96,4577.14
2024-02-20,Merchant_29,Acquirer_D,232,315493.36,0.8,0.76,2523.95,2397.75,126.2
2024-02-07,Merchant_11,Acquirer_C,21,124943.42,0.5,0.56,624.72,699.68,-74.96
2024-03-04,Merchant_32,Acquirer_A,307,353024.95,2.28,1.84,8048.97,6495.66,1553.31
2024-02-07,Merchant_2,Acquirer_A,38,214373.07,1.39,1.57,2979.79,3365.66,-385.87
2024-02-19,Merchant_47,Acquirer_A,276,221830.21,1.14,1.42,2528.86,3149.99,-621.13
2024-03-22,Merchant_14,Acquirer_A,157,325011.84,0.53,0.74,1722.56,2405.09,-682.53
2024-01-30,Merchant_20,Acquirer_B,179,468204.03,1.85,0.53,8661.77,2481.48,6180.29
2024-03-19,Merchant_22,Acquirer_B,132,32939.17,2.63,1.56,866.3,513.85,352.45
2024-03-31,Merchant_11,Acquirer_A,311,412546.88,2.89,1.05,11922.6,4331.74,7590.86
2024-02-20,Merchant_27,Acquirer_A,455,146899.17,1.91,0.61,2805.77,896.08,1909.69
2024-03-03,Merchant_3,Acquirer_A,348,222515.81,1.79,1.31,3983.03,2914.96,1068.07
2024-02-21,Merchant_17,Acquirer_B,28,11934.75,0.71,0.27,84.74,32.22,52.52
2024-02-07,Merchant_44,Acquirer_A,260,151221.99,1.87,0.79,2827.85,1194.65,1633.2
2024-03-28,Merchant_28,Acquirer_A,406,251812.99,1.45,1.04,3651.29,2618.86,1032.43
2024-03-19,Merchant_29,Acquirer_D,76,29031.86,2.02,0.47,586.44,136.45,449.99
2024-01-30,Merchant_21,Acquirer_D,429,246056.77,1.47,1.97,3617.03,4847.32,-1230.29
2024-02-20,Merchant_47,Acquirer_A,67,463628.2,1.1,0.58,5099.91,2689.04,2410.87
2024-03-21,Merchant_16,Acquirer_C,342,53591.22,0.74,0.43,396.58,230.44,166.14
2024-01-05,Merchant_37,Acquirer_A,492,382455.92,1.29,0.57,4933.68,2180.0,2753.68
2024-01-29,Merchant_20,Acquirer_D,194,205425.86,0.74,1.58,1520.15,3245.73,-1725.58
2024-01-04,Merchant_6,Acquirer_C,472,327931.68,0.94,0.97,3082.56,3180.94,-98.38
2024-01-10,Merchant_19,Acquirer_C,162,130858.06,2.97,1.22,3886.48,1596.47,2290.01
2024-02-25,Merchant_5,Acquirer_A,347,80586.64,1.61,0.24,1297.44,193.41,1104.03
2024-01-17,Merchant_3,Acquirer_D,439,81070.84,1.83,0.26,1483.6,210.78,1272.82
2024-03-14,Merchant_1,Acquirer_D,361,36175.48,2.68,1.0,969.5,361.75,607.75
2024-01-17,Merchant_38,Acquirer_C,257,93637.71,2.99,1.67,2799.77,1563.75,1236.02
2024-03-24,Merchant_15,Acquirer_A,72,332445.47,1.96,1.79,6515.93,5950.77,565.16
2024-03-28,Merchant_34,Acquirer_B,87,440963.62,2.53,0.36,11156.38,1587.47,9568.91
2024-03-09,Merchant_35,Acquirer_B,422,407248.72,1.32,1.17,5375.68,4764.81,610.87
2024-02-03,Merchant_49,Acquirer_D,262,342882.02,1.26,1.84,4320.31,6309.03,-1988.72
2024-01-06,Merchant_25,Acquirer_B,214,56105.5,1.51,0.9,847.19,504.95,342.24
2024-02-22,Merchant_24,Acquirer_D,153,145304.54,2.18,1.69,3167.64,2455.65,711.99
2024-03-06,Merchant_12,Acquirer_D,210,155593.63,2.21,0.44,3438.62,684.61,2754.01
2024-03-17,Merchant_18,Acquirer_D,401,125728.52,1.29,1.88,1621.9,2363.7,-741.8
2024-02-12,Merchant_15,Acquirer_B,61,257987.82,0.83,1.55,2141.3,3998.81,-1857.51
2024-03-15,Merchant_44,Acquirer_D,268,268241.35,2.08,1.89,5579.42,5069.76,509.66
2024-01-23,Merchant_16,Acquirer_C,262,179086.1,0.82,1.42,1468.51,2543.02,-1074.51
2024-02-24,Merchant_27,Acquirer_A,218,177540.79,1.95,0.85,3462.05,1509.1,1952.95
2024-03-20,Merchant_8,Acquirer_A,283,414449.24,2.23,1.89,9242.22,7833.09,1409.13
2024-03-15,Merchant_46,Acquirer_D,136,394857.13,2.25,0.7,8884.29,2764.0,6120.29
2024-01-16,Merchant_25,Acquirer_A,467,154590.12,2.38,0.8,3679.24,1236.72,2442.52
2024-01-08,Merchant_17,Acquirer_B,380,456980.43,2.68,1.46,12247.08,6671.91,5575.17
2024-01-04,Merchant_29,Acquirer_B,362,476454.69,1.75,1.58,8337.96,7527.98,809.98
2024-01-04,Merchant_8,Acquirer_A,449,164044.53,2.33,1.87,3822.24,3067.63,754.61
2024-02-25,Merchant_15,Acquirer_B,441,177858.05,2.05,0.57,3646.09,1013.79,2632.3
2024-01-25,Merchant_27,Acquirer_A,93,253311.44,0.97,1.64,2457.12,4154.31,-1697.19
2024-03-07,Merchant_46,Acquirer_A,109,470619.29,0.56,1.53,2635.47,7200.48,-4565.01
2024-03-07,Merchant_50,Acquirer_A,241,438283.4,1.21,0.31,5303.23,1358.68,3944.55
2024-01-27,Merchant_7,Acquirer_D,355,52181.41,1.61,0.9,840.12,469.63,370.49
2024-02-01,Merchant_3,Acquirer_A,424,196972.64,2.04,0.71,4018.24,1398.51,2619.73
2024-02-19,Merchant_29,Acquirer_D,142,277132.22,2.62,0.75,7260.86,2078.49,5182.37
2024-03-01,Merchant_44,Acquirer_A,291,252063.1,0.99,1.97,2495.42,4965.64,-2470.22
2024-02-20,Merchant_24,Acquirer_A,432,97737.67,0.81,1.36,791.68,1329.23,-537.55
2024-01-19,Merchant_3,Acquirer_A,237,429549.57,2.91,1.49,12499.89,6400.29,6099.6
2024-01-21,Merchant_20,Acquirer_B,340,338793.45,0.77,1.96,2608.71,6640.35,-4031.64
2024-01-05,Merchant_46,Acquirer_D,312,419116.28,1.7,0.88,7124.98,3688.22,3436.76
2024-03-22,Merchant_15,Acquirer_D,177,429523.38,1.96,1.64,8418.66,7044.18,1374.48
2024-02-11,Merchant_25,Acquirer_A,141,374429.57,1.85,0.98,6926.95,3669.41,3257.54
2024-03-01,Merchant_30,Acquirer_A,189,220166.09,0.72,1.77,1585.2,3896.94,-2311.74
2024-01-22,Merchant_14,Acquirer_B,486,305662.83,0.64,0.53,1956.24,1620.01,336.23
2024-01-21,Merchant_7,Acquirer_B,49,81022.34,0.76,1.91,615.77,1547.53,-931.76
2024-03-10,Merchant_17,Acquirer_B,302,337149.06,1.96,0.59,6608.12,1989.18,4618.94
2024-01-01,Merchant_44,Acquirer_D,369,90447.37,1.86,0.79,1682.32,714.53,967.79
2024-01-05,Merchant_20,Acquirer_D,190,347280.85,1.08,1.56,3750.63,5417.58,-1666.95
2024-01-12,Merchant_36,Acquirer_D,136,115569.48,2.09,0.91,2415.4,1051.68,1363.72
2024-03-30,Merchant_9,Acquirer_A,43,59658.1,2.55,1.29,1521.28,769.59,751.69
2024-02-15,Merchant_38,Acquirer_D,404,83476.96,0.6,1.0,500.86,834.77,-333.91
2024-02-03,Merchant_48,Acquirer_C,380,1994.08,1.75,1.54,34.9,30.71,4.19
2024-02-18,Merchant_22,Acquirer_C,353,359651.07,2.22,0.61,7984.25,2193.87,5790.38
2024-03-18,Merchant_2,Acquirer_B,90,366468.12,1.13,0.31,4141.09,1136.05,3005.04
2024-03-30,Merchant_24,Acquirer_D,295,257951.74,1.27,0.74,3275.99,1908.84,1367.15
2024-02-14,Merchant_8,Acquirer_C,341,81520.04,2.03,1.05,1654.86,855.96,798.9
2024-01-27,Merchant_11,Acquirer_B,245,42693.61,2.74,0.5,1169.8,213.47,956.33
2024-03-13,Merchant_13,Acquirer_D,433,10545.35,2.52,0.84,265.74,88.58,177.16
2024-01-26,Merchant_17,Acquirer_A,192,83708.34,1.96,0.92,1640.68,770.12,870.56
2024-02-16,Merchant_8,Acquirer_C,318,445536.91,2.33,0.3,10381.01,1336.61,9044.4
2024-03-26,Merchant_21,Acquirer_A,106,121526.88,1.41,1.25,1713.53,1519.09,194.44
2024-02-25,Merchant_18,Acquirer_D,363,177781.39,2.1,1.79,3733.41,3182.29,551.12
2024-03-03,Merchant_30,Acquirer_C,310,53567.4,1.67,0.47,894.58,251.77,642.81
2024-02-17,Merchant_18,Acquirer_D,382,111958.29,0.97,1.28,1086.0,1433.07,-347.07
2024-03-01,Merchant_46,Acquirer_A,233,260093.06,2.25,1.4,5852.09,3641.3,2210.79
2024-03-21,Merchant_47,Acquirer_C,265,304268.59,1.89,0.95,5750.68,2890.55,2860.13
2024-01-26,Merchant_31,Acquirer_A,344,123430.8,1.4,1.46,1728.03,1802.09,-74.06
2024-02-05,Merchant_38,Acquirer_D,37,29808.35,2.78,0.94,828.67,280.2,548.47
2024-01-01,Merchant_32,Acquirer_D,305,196125.4,0.55,1.11,1078.69,2176.99,-1098.3
2024-01-08,Merchant_11,Acquirer_A,41,117867.48,1.29,0.21,1520.49,247.52,1272.97
2024-02-21,Merchant_45,Acquirer_C,17,110557.41,0.64,1.45,707.57,1603.08,-895.51
2024-03-19,Merchant_25,Acquirer_A,344,479971.54,2.42,1.39,11615.31,6671.6,4943.71
2024-02-16,Merchant_33,Acquirer_D,277,308533.94,2.26,0.27,6972.87,833.04,6139.83
2024-02-25,Merchant_38,Acquirer_A,307,278882.34,1.33,0.86,3709.14,2398.39,1310.75
2024-03-26,Merchant_41,Acquirer_D,59,208471.78,2.19,1.96,4565.53,4086.05,479.48
2024-01-14,Merchant_8,Acquirer_A,423,215043.22,1.49,0.96,3204.14,2064.41,1139.73
2024-03-30,Merchant_11,Acquirer_C,183,270911.6,2.39,1.1,6474.79,2980.03,3494.76
2024-01-28,Merchant_22,Acquirer_C,41,348518.47,1.64,1.84,5715.7,6412.74,-697.04
2024-03-27,Merchant_24,Acquirer_A,39,351370.9,1.53,1.49,5375.97,5235.43,140.54
2024-03-18,Merchant_41,Acquirer_A,397,86675.26,2.84,1.25,2461.58,1083.44,1378.14
2024-03-28,Merchant_17,Acquirer_C,192,250556.26,1.13,1.64,2831.29,4109.12,-1277.83
2024-01-02,Merchant_12,Acquirer_D,267,206567.09,0.8,1.76,1652.54,3635.58,-1983.04
2024-01-26,Merchant_46,Acquirer_C,494,435392.96,1.96,1.02,8533.7,4441.01,4092.69
2024-01-14,Merchant_32,Acquirer_D,147,316078.04,2.92,1.06,9229.48,3350.43,5879.05
2024-02-28,Merchant_15,Acquirer_A,395,266719.53,1.44,0.89,3840.76,2373.8,1466.96
2024-02-25,Merchant_16,Acquirer_A,333,58581.93,0.66,1.94,386.64,1136.49,-749.85
2024-01-07,Merchant_22,Acquirer_D,127,303213.31,1.35,1.45,4093.38,4396.59,-303.21
2024-01-03,Merchant_28,Acquirer_A,46,59484.75,1.76,0.35,1046.93,208.2,838.73
2024-01-23,Merchant_20,Acquirer_D,45,169266.08,0.9,1.75,1523.39,2962.16,-1438.77
2024-01-18,Merchant_33,Acquirer_B,1,72278.14,2.15,1.07,1553.98,773.38,780.6
2024-02-07,Merchant_10,Acquirer_C,168,346344.75,2.99,0.32,10355.71,1108.3,9247.41
2024-01-15,Merchant_40,Acquirer_B,108,103919.8,1.63,1.19,1693.89,1236.65,457.24
2024-03-04,Merchant_32,Acquirer_D,19,196537.83,1.39,0.95,2731.88,1867.11,864.77
2024-03-29,Merchant_50,Acquirer_C,332,447941.71,1.5,1.78,6719.13,7973.36,-1254.23
2024-01-28,Merchant_33,Acquirer_D,72,102953.88,0.79,0.57,813.34,586.84,226.5
2024-03-14,Merchant_2,Acquirer_C,456,254394.73,2.71,1.69,6894.1,4299.27,2594.83
2024-02-08,Merchant_33,Acquirer_C,445,210216.56,1.54,1.2,3237.34,2522.6,714.74
2024-02-26,Merchant_33,Acquirer_C,109,10043.9,1.47,0.3,147.65,30.13,117.52
2024-01-17,Merchant_41,Acquirer_C,268,396586.3,2.15,1.95,8526.61,7733.43,793.18
2024-03-26,Merchant_13,Acquirer_D,445,35453.91,1.61,1.12,570.81,397.08,173.73
2024-03-30,Merchant_30,Acquirer_C,240,237653.26,2.12,0.72,5038.25,1711.1,3327.15
2024-02-13,Merchant_33,Acquirer_C,417,280778.47,0.65,1.04,1825.06,2920.1,-1095.04
2024-01-25,Merchant_13,Acquirer_B,301,314584.8,2.53,1.74,7959.0,5473.78,2485.22
2024-01-17,Merchant_26,Acquirer_A,90,344627.18,2.85,0.75,9821.87,2584.7,7237.17
2024-01-13,Merchant_22,Acquirer_A,103,127382.92,2.12,0.55,2700.52,700.61,1999.91
2024-03-24,Merchant_39,Acquirer_B,476,5979.41,2.89,0.43,172.8,25.71,147.09
2024-01-25,Merchant_2,Acquirer_B,250,361998.39,0.88,0.74,3185.59,2678.79,506.8
2024-03-08,Merchant_38,Acquirer_D,453,268292.64,1.69,1.6,4534.15,4292.68,241.47
2024-01-10,Merchant_39,Acquirer_D,8,418222.73,2.0,1.05,8364.45,4391.34,3973.11
2024-03-07,Merchant_26,Acquirer_D,153,410872.79,1.95,0.61,8012.02,2506.32,5505.7
2024-01-18,Merchant_46,Acquirer_B,347,421819.76,1.5,0.5,6327.3,2109.1,4218.2
2024-03-26,Merchant_50,Acquirer_B,174,243062.24,1.35,0.8,3281.34,1944.5,1336.84
2024-02-03,Merchant_15,Acquirer_C,343,167480.57,0.82,1.89,1373.34,3165.38,-1792.04
2024-01-08,Merchant_34,Acquirer_D,158,395987.54,1.48,0.82,5860.62,3247.1,2613.52
2024-02-09,Merchant_42,Acquirer_D,493,226195.76,0.91,1.98,2058.38,4478.68,-2420.3
2024-03-23,Merchant_44,Acquirer_D,431,92537.66,2.34,1.07,2165.38,990.15,1175.23
2024-02-11,Merchant_49,Acquirer_A,215,427632.04,1.02,0.52,4361.85,2223.69,2138.16
2024-02-10,Merchant_40,Acquirer_C,177,441397.38,0.65,1.8,2869.08,7945.15,-5076.07
2024-01-06,Merchant_11,Acquirer_D,175,233688.57,1.88,1.03,4393.35,2406.99,1986.36
2024-02-21,Merchant_3,Acquirer_D,340,38774.16,1.99,1.48,771.61,573.86,197.75
2024-01-26,Merchant_6,Acquirer_D,338,194525.22,2.68,1.97,5213.28,3832.15,1381.13
2024-03-04,Merchant_9,Acquirer_A,146,401965.29,1.94,0.29,7798.13,1165.7,6632.43
2024-02-28,Merchant_6,Acquirer_A,450,450985.24,1.36,0.37,6133.4,1668.65,4464.75
2024-02-25,Merchant_9,Acquirer_B,324,102532.9,2.51,1.5,2573.58,1537.99,1035.59
2024-02-28,Merchant_39,Acquirer_C,478,34419.83,1.85,0.71,636.77,244.38,392.39
2024-03-10,Merchant_31,Acquirer_B,161,438797.88,0.7,0.53,3071.59,2325.63,745.96
2024-02-02,Merchant_32,Acquirer_C,127,195313.06,1.91,0.27,3730.48,527.35,3203.13
2024-02-22,Merchant_41,Acquirer_A,420,271338.72,2.77,0.24,7516.08,651.21,6864.87
2024-01-22,Merchant_50,Acquirer_D,82,484064.84,1.49,1.59,7212.57,7696.63,-484.06
2024-01-21,Merchant_12,Acquirer_B,485,34215.8,1.24,0.44,424.28,150.55,273.73
2024-03-10,Merchant_8,Acquirer_D,147,324510.69,0.86,1.04,2790.79,3374.91,-584.12
2024-03-10,Merchant_8,Acquirer_B,239,37978.61,0.88,1.29,334.21,489.92,-155.71
2024-01-04,Merchant_50,Acquirer_A,412,188359.0,1.58,0.97,2976.07,1827.08,1148.99
2024-03-15,Merchant_28,Acquirer_A,424,402103.46,1.99,0.25,8001.86,1005.26,6996.6
2024-03-02,Merchant_20,Acquirer_A,84,217302.64,0.7,1.61,1521.12,3498.57,-1977.45
2024-03-02,Merchant_47,Acquirer_B,113,498593.99,2.85,0.22,14209.93,1096.91,13113.02
2024-01-24,Merchant_7,Acquirer_C,225,279970.58,2.39,1.57,6691.3,4395.54,2295.76
2024-02-24,Merchant_11,Acquirer_B,332,161259.91,1.97,1.81,3176.82,2918.8,258.02
2024-01-09,Merchant_20,Acquirer_C,378,110835.55,2.57,0.98,2848.47,1086.19,1762.28
2024-01-03,Merchant_16,Acquirer_B,243,175909.75,0.7,1.16,1231.37,2040.55,-809.18
2024-01-31,Merchant_4,Acquirer_B,143,186894.1,1.69,1.06,3158.51,1981.08,1177.43
2024-02-09,Merchant_6,Acquirer_A,41,35288.13,2.08,0.9,733.99,317.59,416.4
2024-02-05,Merchant_22,Acquirer_D,423,185417.53,2.57,1.8,4765.23,3337.52,1427.71
2024-01-24,Merchant_26,Acquirer_D,258,232655.02,2.46,1.81,5723.31,4211.06,1512.25
2024-01-06,Merchant_3,Acquirer_C,447,361646.14,1.19,0.8,4303.59,2893.17,1410.42
2024-03-06,Merchant_41,Acquirer_D,285,328708.01,2.85,1.31,9368.18,4306.07,5062.11
2024-03-24,Merchant_42,Acquirer_B,105,354674.06,0.81,1.87,2872.86,6632.4,-3759.54
2024-03-15,Merchant_14,Acquirer_B,202,5173.48,2.69,1.93,139.17,99.85,39.32
2024-01-04,Merchant_11,Acquirer_A,450,109616.03,2.93,1.12,3211.75,1227.7,1984.05
2024-03-19,Merchant_18,Acquirer_A,307,331180.46,0.94,1.02,3113.1,3378.04,-264.94
2024-01-06,Merchant_12,Acquirer_D,331,242510.69,2.31,0.7,5602.0,1697.57,3904.43
2024-02-20,Merchant_23,Acquirer_C,461,3651.42,0.6,1.93,21.91,70.47,-48.56
2024-03-02,Merchant_12,Acquirer_D,266,402442.83,1.51,0.46,6076.89,1851.24,4225.65
2024-02-26,Merchant_13,Acquirer_D,398,386631.98,1.79,1.24,6920.71,4794.24,2126.47
2024-03-06,Merchant_25,Acquirer_D,210,274661.16,1.95,0.71,5355.89,1950.09,3405.8
2024-03-19,Merchant_45,Acquirer_D,51,34165.2,2.84,0.7,970.29,239.16,731.13
2024-03-15,Merchant_19,Acquirer_B,118,383491.01,2.18,0.93,8360.1,3566.47,4793.63
2024-01-08,Merchant_46,Acquirer_C,201,292273.08,1.7,2.0,4968.64,5845.46,-876.82
2024-01-26,Merchant_36,Acquirer_B,377,391198.03,2.52,0.3,9858.19,1173.59,8684.6
2024-02-20,Merchant_45,Acquirer_C,39,376121.75,2.88,1.24,10832.31,4663.91,6168.4
2024-02-14,Merchant_8,Acquirer_A,28,401698.03,0.56,0.35,2249.51,1405.94,843.57
2024-02-13,Merchant_29,Acquirer_D,259,259486.03,2.96,0.48,7680.79,1245.53,6435.26
2024-01-05,Merchant_32,Acquirer_B,84,71021.93,0.72,0.99,511.36,703.12,-191.76
2024-03-10,Merchant_44,Acquirer_C,454,335907.58,2.54,1.12,8532.05,3762.16,4769.89
2024-01-26,Merchant_18,Acquirer_A,155,310616.42,1.2,0.67,3727.4,2081.13,1646.27
2024-03-08,Merchant_6,Acquirer_A,117,371384.34,0.83,0.77,3082.49,2859.66,222.83
2024-01-19,Merchant_18,Acquirer_D,2,85770.62,1.6,0.36,1372.33,308.77,1063.56
2024-03-24,Merchant_19,Acquirer_C,93,98292.62,2.11,0.75,2073.97,737.19,1336.78
2024-01-20,Merchant_22,Acquirer_B,166,445314.35,1.45,1.94,6457.06,8639.1,-2182.04
2024-01-12,Merchant_37,Acquirer_D,387,375238.92,0.64,1.9,2401.53,7129.54,-4728.01
2024-02-16,Merchant_32,Acquirer_B,400,454206.02,2.0,0.8,9084.12,3633.65,5450.47
2024-01-01,Merchant_41,Acquirer_A,350,379598.95,2.76,1.23,10476.93,4669.07,5807.86
2024-03-30,Merchant_3,Acquirer_B,296,298980.5,1.46,1.84,4365.12,5501.24,-1136.12
2024-01-14,Merchant_28,Acquirer_B,258,327412.24,1.04,0.21,3405.09,687.57,2717.52
2024-03-04,Merchant_10,Acquirer_D,81,444674.83,1.61,1.66,7159.26,7381.6,-222.34
2024-02-07,Merchant_35,Acquirer_B,425,289824.57,0.62,1.91,1796.91,5535.65,-3738.74
2024-02-06,Merchant_29,Acquirer_D,268,316563.27,2.55,0.36,8072.36,1139.63,6932.73
2024-01-11,Merchant_15,Acquirer_A,419,79081.88,2.57,0.49,2032.4,387.5,1644.9
2024-03-17,Merchant_33,Acquirer_D,235,237486.69,1.97,1.93,4678.49,4583.49,95.0
2024-01-03,Merchant_7,Acquirer_D,321,358482.16,1.38,1.17,4947.05,4194.24,752.81
2024-02-02,Merchant_12,Acquirer_C,311,136200.41,2.5,0.23,3405.01,313.26,3091.75
2024-01-06,Merchant_49,Acquirer_B,301,101924.84,1.89,0.66,1926.38,672.7,1253.68
2024-02-19,Merchant_30,Acquirer_A,463,157599.58,2.56,1.01,4034.55,1591.76,2442.79
2024-01-10,Merchant_21,Acquirer_D,474,121508.81,2.08,1.45,2527.38,1761.88,765.5
2024-01-05,Merchant_31,Acquirer_A,357,108241.41,2.46,1.52,2662.74,1645.27,1017.47
2024-01-23,Merchant_24,Acquirer_C,213,213000.57,2.0,1.99,4260.01,4238.71,21.3
2024-01-10,Merchant_20,Acquirer_B,62,454011.42,1.54,0.72,6991.78,3268.88,3722.9
2024-02-13,Merchant_37,Acquirer_D,49,254022.76,2.89,1.17,7341.26,2972.07,4369.19
2024-01-02,Merchant_4,Acquirer_B,127,94772.27,1.85,1.16,1753.29,1099.36,653.93
2024-01-13,Merchant_28,Acquirer_C,223,39408.86,2.01,0.93,792.12,366.5,425.62
2024-02-09,Merchant_44,Acquirer_C,409,348381.92,1.05,0.5,3658.01,1741.91,1916.1
2024-01-02,Merchant_20,Acquirer_A,279,192016.58,2.06,1.96,3955.54,3763.52,192.02
2024-03-24,Merchant_24,Acquirer_D,408,411093.64,1.93,1.74,7934.11,7153.03,781.08
2024-03-05,Merchant_50,Acquirer_A,294,330095.87,0.96,1.1,3168.92,3631.05,-462.13
2024-03-03,Merchant_49,Acquirer_C,284,398324.48,0.65,1.29,2589.11,5138.39,-2549.28
2024-03-13,Merchant_32,Acquirer_B,277,136701.07,2.01,0.61,2747.69,833.88,1913.81
2024-01-17,Merchant_41,Acquirer_A,438,346487.1,2.41,1.18,8350.34,4088.55,4261.79
2024-01-09,Merchant_36,Acquirer_A,107,132766.93,1.81,1.45,2403.08,1925.12,477.96
2024-03-15,Merchant_34,Acquirer_B,146,469595.17,1.07,1.13,5024.67,5306.43,-281.76
2024-01-15,Merchant_36,Acquirer_A,420,318550.77,2.17,1.98,6912.55,6307.31,605.24
2024-01-24,Merchant_2,Acquirer_B,99,162931.39,0.7,1.3,1140.52,2118.11,-977.59
2024-02-07,Merchant_15,Acquirer_D,429,135486.42,1.6,0.87,2167.78,1178.73,989.05
2024-02-04,Merchant_34,Acquirer_B,375,96272.37,0.91,1.59,876.08,1530.73,-654.65
2024-02-18,Merchant_36,Acquirer_D,73,347625.84,0.96,0.51,3337.21,1772.89,1564.32
2024-03-09,Merchant_6,Acquirer_B,437,110139.09,1.01,0.89,1112.4,980.24,132.16
2024-03-02,Merchant_39,Acquirer_C,486,298056.33,1.47,0.82,4381.43,2444.06,1937.37
2024-02-29,Merchant_42,Acquirer_C,122,133052.88,0.63,0.98,838.23,1303.92,-465.69
2024-02-19,Merchant_12,Acquirer_D,30,331322.5,1.49,1.61,4936.71,5334.29,-397.58
2024-03-18,Merchant_3,Acquirer_D,188,407654.92,1.78,1.07,7256.26,4361.91,2894.35
2024-03-15,Merchant_45,Acquirer_C,364,389234.6,1.71,1.63,6655.91,6344.52,311.39
2024-01-09,Merchant_18,Acquirer_D,354,380664.81,1.46,1.24,5557.71,4720.24,837.47
2024-02-03,Merchant_40,Acquirer_B,288,94673.48,2.6,0.82,2461.51,776.32,1685.19
2024-03-16,Merchant_21,Acquirer_B,451,45104.09,0.86,1.66,387.9,748.73,-360.83
2024-02-04,Merchant_15,Acquirer_C,195,349775.47,1.76,0.63,6156.05,2203.59,3952.46
2024-01-01,Merchant_33,Acquirer_A,156,184805.26,0.66,0.6,1219.71,1108.83,110.88
2024-02-09,Merchant_35,Acquirer_B,172,216740.77,0.68,1.11,1473.84,2405.82,-931.98
